id,screen_type_id,name,description
abfab99e-fd61-4782-a907-97b297c4ca74,a41ae574-518b-4ced-8a55-48e06d89e10d,Hall 1,"Human we figure economic produce contain. Report nor this school.
Natural project education drop. Kitchen also move past buy perform.
Matter down field meet. Trial grow approach fund.
Share especially manager health. Rule far side suddenly tend century."
d9130d7c-e87e-4f52-99ff-ea84234f6f29,c6058ed4-cdb4-4328-a606-875252542237,Hall 2,"Sister send method local several between. Civil read or style hear. Listen among check western show.
Treatment opportunity effort article in. Identify strong rock give resource central hit.
Recent possible approach should accept work."
9174df91-bbab-4a3a-96e4-a815df880a07,7e36731f-8a79-4a4f-ba2f-515ff534f0cb,Hall 3,"Appear stage seven clear cold school. Mother read identify answer.
Relationship mouth their at international or. Forget anything music return discover grow. Door information Mrs customer chance.
Lot present particularly edge. Floor quite heart southern clear structure."
92a96396-ac33-4bb2-a703-f8aa43bff351,c6058ed4-cdb4-4328-a606-875252542237,Hall 4,"Past husband room. Part level method choose.
Community college until whom painting go.
Drop table different. System office try decade game area under in. Will if loss add great.
Science possible Mrs check hear. Question stand wind must traditional day. Small fine travel natural court."
05e81d16-559b-47bb-82e3-b8530bdbc109,50ed1cbf-9c19-43fa-8992-d811bf77ccc4,Hall 5,Ленинград конструкция выражение доставать порода прошептать спасть. Печатать полевой магазин за покидать грустный мелочь вариант. Бок коробка задержать тута пропадать крыса банда. Лететь неудобно бак пересечь интеллектуальный манера палата.
e16750c4-717c-432b-a04f-f09f675691f5,7e36731f-8a79-4a4f-ba2f-515ff534f0cb,Hall 6,"Enough discussion sit address training how record. West buy usually. Large hour detail.
Newspaper million oil late. In traditional school theory step base.
Impact agent clear exist with tend or account. Star media movement during remember."
5b670ca6-a7e4-4c56-ad9d-3cd266bbfaac,7e36731f-8a79-4a4f-ba2f-515ff534f0cb,Hall 7,"Пространство господь деловой скрытый рис монета терапия. Вздрагивать дурацкий рассуждение основание добиться уничтожение.
Металл полоска военный отдел вздрогнуть багровый. Оставить триста печатать да миг. Торопливый инфекция бок ученый ведь цель."
c545ee76-5ce3-4683-a6f2-7918ea4b9601,50ed1cbf-9c19-43fa-8992-d811bf77ccc4,Hall 8,"Прощение поезд степь голубчик полоска товар. Монета назначить бак исследование невозможно.
Пространство ягода салон решение кожа помолчать пересечь. Темнеть промолчать потрясти мальчишка счастье успокоиться пробовать. Поставить мелькнуть исследование светило. Крутой заведение совещание бровь через."
f143c984-3849-40d5-a2b0-6d9ed37bc07e,c6058ed4-cdb4-4328-a606-875252542237,Hall 9,"Surface every popular size change. Where much shake take natural camera argue.
Against people help. Myself war age professional door news.
Easy phone rate how.
Sort feeling grow they participant all. Democrat fill page sometimes. Ready conference go wonder interview."
b385ae30-ab5d-4d1d-922b-1baee7f11e02,7e36731f-8a79-4a4f-ba2f-515ff534f0cb,Hall 10,"Describe chair military what up recognize. Nation smile peace model effort science tough without. Film produce outside training rate strategy.
Fast attention writer action work cover still material. Green do record cold left wonder through member."
