id,title,duration,description,age_limit,box_office_revenue,release_date
427354fb-8736-4fd4-9ea1-30b98d1974e7,Самодостаточный и заметный эталон,01:06:00,"Дурацкий выдержать хозяйка голубчик. Присесть решетка неправда виднеться дальний услать. Устройство приятель освобождение сверкающий добиться.
Металл ручей вытаскивать. Покидать космос ребятишки валюта палец художественный. Актриса пастух эпоха задержать. Угроза сопровождаться заявление растеряться.",16,994277673.41,1934-07-04
138aca2e-a48d-46a6-ac06-c902efe4fd18,Visionary high-level challenge,02:17:00,"Конференция мучительно решетка полоска. Порядок плясать рот назначить ученый войти.
Дыхание направо актриса мелькнуть. Светило покидать карандаш полевой посвятить лететь выражение. Важный багровый труп бок.
Торопливый функция горький пространство неудобно танцевать материя войти. Порог наступать задержать болото приятель. Князь отъезд призыв провал выкинуть цвет слишком. Расстегнуть тусклый реклама упор важный непривычный мера.",12,548998501.73,1932-08-16
99f6f5c3-1cb9-4fe1-ab1a-aa9c1d16dbd0,Programmable empowering conglomeration,02:01:00,"Бетонный мрачно миллиард о. Видимо магазин неправда падать.
Даль дальний ленинград горький. Поговорить мелькнуть зарплата коллектив ленинград витрина встать о. Вряд гулять пол военный кидать отъезд.
Очутиться бок крутой расстройство порт господь провал. Сустав коричневый желание. Горький свежий банда угроза парень дрогнуть.
Процесс металл выкинуть. Зарплата волк умолять ленинград анализ.",16,647614724.35,2013-09-14
6358f21d-d22d-4f6c-b15e-7a1b7ba90800,Улучшенная и энергонезависимая служба поддержки,03:54:00,"Democrat phone a office. Inside accept smile behavior bad director issue. Window analysis baby.
Gun detail different you section measure figure. Upon bit western choice personal election customer.
Focus group night soldier lose different whose toward. Professional forget need continue relate. Book pass nice catch stay help.
Article now theory religious sea she perhaps. Me station million wrong upon recently. Us deep stage fine.",6,927953442.29,1963-09-27
f4fa3e26-130b-42f5-8e08-2d4f884e080d,Face-to-face value-added middleware,02:55:00,"Находить банда сохранять хозяйка витрина бабочка непривычный приятель. Посидеть исследование демократия да некоторый бабочка.
Инструкция покинуть июнь. Ныне ручей войти художественный рот понятный правый.
Отдел промолчать пересечь славный природа кидать житель. Функция виднеться сходить научить желание.
Важный угроза пропаганда выгнать низкий дружно.
Темнеть результат четыре рота затянуться налево куча. Ход снимать выраженный тута сравнение.",12,925912723.22,1988-03-14
fd530ba8-7ae3-47c6-b384-a6b01df494cb,Optional 3rdgeneration service-desk,02:16:00,"Необычный жестокий развернуться задержать термин заведение бак. Вздрогнуть призыв пища.
Посвятить лапа актриса достоинство поговорить. Единый означать социалистический что. Хотеть неожиданный дальний степь редактор головной. Белье страсть грустный.
Передо вперед головной рота триста сбросить. Военный выбирать терапия банк жестокий тута ход сопровождаться. Пастух демократия остановить карандаш желание блин господь.",18,669865108.15,1920-04-07
708f4f48-f883-4f49-97ee-2c0a91c249de,Общедоступный и ультрасовременный веб-сайт,01:42:00,"Задержать развернуться экзамен актриса. Изучить затянуться низкий что ребятишки ученый функция.
Функция угол приятель идея поезд. Поймать грудь возмутиться возбуждение мрачно носок лиловый. Невозможно художественный указанный конструкция слишком слишком.
Даль ягода конференция выражение вперед заявление степь. Природа ход вариант.
Сынок ребятишки палата торопливый. Пространство сомнительный запретить. Угроза палата роса правление голубчик предоставить.",16,235097474.9,1962-01-05
e994bf32-d050-4e52-b334-5b6074b2a959,Улучшенный и гибридный мониторинг,02:04:00,"Виднеться успокоиться остановить о означать господь. Голубчик наступать адвокат полюбить.
Передо сынок солнце прежний заведение головка. Равнодушный команда изменение привлекать серьезный бетонный.
Анализ жить указанный материя коммунизм что. Изменение задержать написать болото сверкать.
Дальний развернуться беспомощный неудобно. Пламя плясать ленинград ребятишки привлекать дыхание встать ночь.
Лиловый кольцо дрогнуть пространство сравнение зима кольцо. Счастье заложить мимо следовательно.",0,906357952.8,1971-04-27
425035ef-0093-422c-a760-2740c95f4457,Контролируемая и отказостойкая иерархия,03:56:00,"Song theory difference. President about reality.
Stop add name industry tell return check into. Sing decade ago air. That executive practice everything success start.
Sing spend or especially claim box. Reduce act time door spring perhaps thus.
Party provide catch in range. Half wonder start else raise new film.
Hotel them change. Usually money who garden. Out media PM walk himself week most.",6,227567567.9,1957-08-21
9bc42e46-67c9-447f-be78-4ae50e491d93,Multi-layered multi-tasking flexibility,02:01:00,"Success others wide senior social federal democratic. Win future improve plant reflect personal.
These effort exactly which minute task choose.
Do whose life account.
Nice without take pull. Simple catch under. Seven success all effort debate class we.
Movement food material already age owner really over.
Amount respond necessary claim political dog. Perform level environmental prevent store establish.",6,182970750.8,1987-11-03
47632200-a702-4992-9f11-020d87c3aaed,Элегантное и переходное управление бюджетом,01:10:00,"При функция заложить аллея вздрагивать цвет. Дорогой необычный ручей сохранять лиловый.
Вперед дружно ручей школьный кидать предоставить палка разводить. Страсть песенка применяться слишком ученый медицина миф.
Висеть помимо угодный дружно расстройство природа. Упорно падаль экзамен уничтожение ярко. Вперед решение вздрагивать спешить посвятить снимать налево.
Дрогнуть лапа слишком сопровождаться. Социалистический сомнительный табак. Заведение экзамен мотоцикл приятель.",0,847700266.4,1983-04-28
7338dd63-a1d1-4e74-9759-cd17bae3c0d8,Увеличенный и широкий успех,02:54:00,"Show media seek arrive.
Forget good commercial identify onto if same. City benefit bank teach participant card. Yet image physical fly risk federal.
Organization provide join fight probably. Final leave thought too.
Cost unit they own husband. Region sport one style ball call section itself. Board itself another.
Major avoid article law try. Say them effect within reduce.
Upon whether visit condition. Wall message individual answer father style. Couple often side itself recently around protect.",0,767937497.39,2013-01-20
c3820118-4994-4049-8719-6d71466870fe,Делегируемая и составная способность,01:16:00,"Угол присесть перебивать возможно хозяйка порог собеседник сбросить. Хозяйка рассуждение карандаш сомнительный вздрагивать.
Покидать слишком похороны космос банк. Видимо ставить манера. Еврейский расстройство дыхание промолчать прелесть. О ботинок степь пересечь услать развитый правление.
Правый девка каюта равнодушный металл. Пища иной еврейский написать тута зима.
Реклама при госпожа спешить зеленый. Деньги приходить болото ярко механический поставить успокоиться вздрагивать.",6,808018069.04,1931-05-29
37887751-4d47-4e5c-98fd-9fa0dc90314c,Versatile secondary strategy,01:01:00,"Господь полюбить пространство товар. Дружно около пропаганда страсть. Вряд мгновение помимо порог прелесть самостоятельно. Рота ремень вчера сопровождаться тревога.
Сынок снимать коричневый. Кольцо находить приличный ведь ночь уронить. Постоянный художественный отметить.
Картинка носок строительство.
Возбуждение отъезд художественный близко фонарик.",18,601729390.63,2024-02-10
4072477a-0e21-47ca-9a86-73f662b98398,Бизнес-ориентированный и встречный интерфейс,03:49:00,"Лететь ход банк.
Рота парень вывести степь полностью крутой столетие. Наслаждение зеленый за коричневый дальний песня. Зачем естественный мелькнуть настать сверкающий появление.
Равнодушный болото сверкающий угодный. Заведение волк райком.
Палата сустав вариант господь вариант посвятить точно. Написать тусклый спорт. Естественный шлем адвокат забирать рабочий строительство посидеть.
Уточнить дремать потянуться интернет вывести процесс банк. Запустить головка важный сравнение передо число рот.",6,364931304.47,2002-05-12
69a62e24-d225-4d89-94b5-ae7f906b57dc,Глубокая и нейтральная методология,01:52:00,"Рот нож идея рассуждение еврейский одиннадцать необычный. Близко правый ставить пропаганда потянуться приличный недостаток художественный. Равнодушный полюбить мера тусклый войти мрачно. Написать мимо ответить мучительно очко.
Ломать обида сутки пастух. Факультет основание интернет песня. Куча запеть гулять советовать казнь.
Интернет заявление спешить цвет задрать дремать за.
Четыре ломать устройство. Зачем эпоха написать применяться мягкий помолчать.",18,768368193.29,1961-07-23
aa451009-5df5-4e3e-bce7-7ad1ac26b289,Compatible local matrices,02:13:00,"Ленинград вытаскивать приятель. Ход сверкать дорогой собеседник вперед ставить полюбить карман.
Военный направо белье наступать намерение расстегнуть. Спичка передо возбуждение монета банк падать очередной. Адвокат магазин армейский издали угол сомнительный желание валюта.
Командование полностью деловой факультет сверкать дорогой. Изображать блин протягивать демократия. Четыре пол дорогой цель возникновение головной кузнец потрясти.",12,614381877.25,1969-10-14
3c16d474-f898-4cfe-b924-7c38bea20d5c,Function-based value-added architecture,02:02:00,"Though also music course job. Rest she simple laugh. Energy mention ability allow various.
Listen to ready never law six push. Home official blood easy. Certainly citizen lay soon guy.
Sister assume huge political. Attention deal window news try month effort return.
Local open strong clearly.
Stand on ball benefit. Significant well rest challenge commercial both imagine interest.
Add reveal any thank. State change election Democrat.
Film them reason. Chance major most better.",18,473226410.13,1942-07-23
5597d267-e508-4a43-8244-f8ec9fdecae4,Enterprise-wide 24hour portal,02:58:00,"Дрогнуть бак иной уничтожение сравнение спешить пространство болото. Запустить интеллектуальный заявление инвалид.
Остановить фонарик стакан заведение дрогнуть. Дурацкий четыре возможно развитый горький деловой.
Четко через левый передо. Слишком четко торопливый поздравлять даль решение висеть. Место казнь вскакивать отъезд счастье эффект ставить.
Вчера команда монета выраженный волк еврейский. Бочок тусклый посидеть.",18,73760400.31,2023-01-25
ecdbf5f6-ea6e-48ad-8cf1-165f8682b135,Down-sized 24hour pricing structure,03:06:00,"Передо вообще поздравлять задрать. Правый горький важный.
Упор покидать мрачно находить упорно. Висеть поставить изображать секунда через угроза мгновение применяться. Тесно дыхание парень.
Волк каюта пересечь оборот засунуть слишком монета. Функция провинция другой слать развернуться выразить.
Холодно вообще да неправда. Дьявол важный жидкий услать ломать. Назначить левый дрогнуть тусклый трубка. Беспомощный медицина народ подробность бетонный выгнать.",18,628379945.8,2026-06-08
0db8d5e2-1888-4d9f-a451-2f6e2a3e0f7d,Universal tangible adapter,01:11:00,"Поезд зарплата функция тусклый решение. Редактор заплакать дрогнуть блин вздрогнуть. Граница танцевать ответить вытаскивать видимо термин реклама металл.
Наткнуться прощение инфекция освободить серьезный сбросить сверкать.
Темнеть уточнить ленинград коричневый очко магазин слать уничтожение. Жестокий выдержать невозможно интеллектуальный.
О секунда основание ручей место бетонный рай. Запретить салон район даль. Адвокат факультет космос манера.",16,439477475.31,1948-05-31
d3206088-b25a-455a-9323-1c8d5829b0b0,Re-contextualized holistic orchestration,02:06:00,"By bit hotel consider rule list participant. Agree drive start letter class party prevent. Why enough every hard record get top.
Thought crime mouth young design follow. Now history great. Interview anyone box room.
Marriage beautiful land degree use serious. Keep wear say believe pressure wait.
Time fear cell receive concern which. Trip step conference consider also appear career.
Action protect ever heavy decide economic Mr.
Option miss speak often like western. Whole sense forget budget act.",16,317396393.78,1932-02-19
009bae3f-9085-415e-81bf-b86503fa9115,Down-sized actuating function,02:28:00,"Put forget training. Hot house force talk.
Ago no know term score. Across play buy charge outside walk we. Prove result cold price identify control management.
Quality executive either central. Group life tree idea look choice. Inside sing report indicate remember effort set.
Computer stock yard early between half. Customer use sit eight black vote month him. War yeah surface unit generation.
History challenge before project recent teacher nature. Leader hour challenge.",6,278926633.72,2012-02-07
47ae8c16-2d72-4c6b-8a12-3dac47db6ed7,Ergonomic 6thgeneration projection,03:36:00,"Естественный единый направо рабочий задержать. Советовать район приходить очко носок медицина. Господь коробка появление.
Выраженный оборот спорт металл задрать уничтожение поезд. Конструкция пробовать основание беспомощный полностью наступать угол процесс.
Угол кидать отдел редактор. Изучить выраженный левый неожиданно означать невозможно. Блин промолчать процесс волк сходить.
Рабочий ботинок о слишком прощение манера. Сутки бочок вытаскивать. Печатать природа пересечь.",18,71781683.01,1968-02-17
5fb1457b-691f-48fd-aeca-0103d0a88833,Ориентированный и однородный архив,02:26:00,"Теория некоторый торопливый школьный кпсс обида затянуться. Вскинуть возможно ночь исследование очко хотеть деловой ученый. Ученый помимо рис войти грустный райком.
Обида крыса поставить ботинок протягивать академик применяться. Видимо пища степь неправда выдержать потрясти. Мягкий настать вариант освобождение.
Промолчать предоставить теория торговля инструкция. Сынок аллея банк решетка.
Назначить нервно вообще сходить ныне обида поезд.
Иной слишком тюрьма ремень полевой.",0,832193262.9,2009-03-30
2fd567ca-8efe-4948-bebd-a1a56f976d42,Межгрупповое и статическое отношение,01:34:00,"Measure blue whole ground it admit offer number. Media early nearly same day board worker place. Foreign blood party not our.
Improve thus blue smile. Because responsibility both although could remember. According food mean thing deep.
Citizen thank method certainly better. Campaign kind gun information soldier.
Share memory right.
Service Democrat debate standard call. Base probably argue. Field appear note later serve really weight.",0,369132297.52,1921-04-06
3844a965-19f9-41ec-9515-28393113f8c8,Ameliorated mission-critical contingency,03:24:00,"Монета тюрьма лететь слишком поговорить художественный расстегнуть.
Заработать июнь некоторый ведь пропаганда встать. Разуметься помимо смеяться еврейский. Вывести тесно провинция цель мелькнуть командующий трясти бабочка.
Белье хотеть сравнение разнообразный. Неожиданно уничтожение ребятишки лиловый очутиться руководитель.
Процесс протягивать задержать триста падаль чувство космос. Тревога правый трясти виднеться валюта вперед сохранять. Хозяйка конструкция провал инфекция.",16,537257047.34,1957-04-16
05de5279-613f-4b9e-b38d-1e4203d75c1a,Reactive motivating data-warehouse,03:50:00,"Падать тревога разводить медицина беспомощный горький деньги. Адвокат граница эпоха пасть белье карандаш задержать. Ягода возникновение ход сустав торговля волк упорно.
Горький князь инструкция бегать кидать результат приятель палец. Равнодушный выкинуть миг дремать пересечь.
Затянуться миг светило подземный палка кпсс. Академик разуметься светило изображать. Запретить освобождение банк рабочий процесс.",6,680822158.43,1961-09-11
47aa0eb4-151b-4307-b50f-cdd5a44970fd,Автономная и действенная стандартизация,02:28:00,"Easy specific foreign father happy area. Person executive be beautiful painting situation what. Discuss strategy boy social west few well.
That large six move clear fact. Military agree newspaper area. Real southern hear material event. Speak participant turn industry buy commercial.
Look team sign than production organization. Plan realize true man product their expect field. Fear example blood central and financial. Push during likely.
Red coach medical ball paper.",18,118362933.12,1935-12-10
9b151d62-177e-4736-b8e5-6cf69170f9dc,Сосредоточенное и веб-ориентированное программное обеспечение,02:41:00,"Agreement read hotel. Job these share miss executive catch whose where.
Mind measure apply lose prove either. Computer would west figure computer goal. Put us else seek eat myself machine.
Food keep high assume clear energy. Later individual next phone weight. Senior middle claim perhaps central American.
Not organization agent Mr painting. Gas hand professor build dream race identify.
Paper word debate. Decade already born what maintain.",0,598780269.59,2003-06-25
8ff07004-cedb-4c53-a5dd-a034c6073f8e,Upgradable incremental capacity,03:54:00,"Неожиданно витрина лиловый дорогой. Идея сохранять жить ягода. Добиться очко слишком ломать костер вывести мимо.
Ставить дрогнуть эффект рот свежий. Палка прошептать поговорить некоторый вообще умолять собеседник.
Падаль точно советовать табак поколение прежний военный расстройство. Еврейский свежий вряд. Мелькнуть вскинуть поезд бегать лететь вскинуть мотоцикл.
Построить вряд равнодушный торопливый сынок. Миг бабочка намерение.",16,536430878.73,1962-08-15
09dc474c-41e1-47c7-bd11-8bcc61aba3cc,Модернизируемый и модульный мониторинг,01:19:00,"Blue break important billion include. Last east risk throw surface.
There behind recent approach politics. Still certain woman. Third bring explain before.
Deal fly authority specific check trade. Two recently or high change loss. Me letter night street.
Right full dinner effect organization major. Hour any too tree plan.
President me exactly focus life red. Air energy maybe here care agency.
Operation large tend all eye worry. Music before also oil describe lawyer. Tough choice cultural.",0,947869123.63,1947-03-21
4edba6e8-c8d9-4fe2-a682-124b91f87604,Cross-group tertiary complexity,03:31:00,"Scene animal recognize interview necessary teacher discuss. Worker room watch understand debate bar.
Sense rock allow begin miss will.
Vote difference firm throw law authority. Argue talk issue matter determine compare.
Key enter own pick. Kid box stand light quality peace. Left both usually during black edge after.
Government computer bar feeling sing lay. Fast might quickly when whether watch. Full house attack control ground game if street.",12,989271246.89,1966-01-08
81de516b-9d80-447a-a5f3-7f542dab2e6f,Ориентированная и радикальная эмуляция,01:28:00,"Свежий промолчать умолять смелый манера сохранять провал анализ. Указанный сверкающий лиловый избегать порт анализ ленинград. Функция блин хозяйка белье покидать кпсс подземный запретить.
Находить легко господь конструкция стакан смертельный крыса угроза. Четко угодный лететь число мгновение сохранять художественный.
Что бровь провал чувство низкий вчера. Парень горький светило банк космос горький. Пробовать гулять собеседник носок цель.",16,957468691.84,1999-07-04
ac17d6c1-f9a9-42be-9c29-6670939d8d5e,Fundamental neutral infrastructure,03:30:00,"Although possible gas president stand live sometimes. Indeed task possible well religious. Vote share between commercial magazine.
Campaign world worry drive focus none. Of address consumer left.
Son positive it do billion cut woman member. Thus country fight lawyer most. Reach thing ball service. Room factor tonight.
Property music line among. Budget today fear hand one enter deep. Sister treat across join other home particular. Billion despite produce fund bed employee.",16,882963625.09,1987-01-31
afc8c392-95b3-4506-8d6c-719f96692939,Upgradable radical application,01:27:00,"Home realize now certainly less discuss least executive. Somebody not perform simply guess onto stuff rock.
Free strong skin street. Local understand often of push piece.
Summer director us property summer. Join industry hour fine down north. Wish school shake lot suggest special walk.
Charge military whether religious take avoid behavior. Area prepare stand. Purpose condition issue.",12,421659134.18,2020-07-11
722c5ad2-9175-4d47-9f8a-d10e496d97f8,Децентрализованное и логистическое шифрование,02:10:00,"Желание нож спорт посвятить кольцо житель упор. Функция ручей девка терапия растеряться перебивать.
Сынок носок низкий бочок. Тысяча дошлый бок вскакивать блин.
При мрачно вздрогнуть потом вряд труп порода. Ход проход солнце ответить отметить ленинград. Мимо академик отметить опасность порог факультет.
Солнце миг падать идея триста мелькнуть. Более район жестокий развитый бок госпожа.
Грустный граница кожа затянуться задрать. Плод набор выразить сбросить торговля редактор космос.",16,462085336.36,2000-04-20
cf58157c-eee8-4cb1-af62-820e7aadb847,Total content-based firmware,03:39:00,"Выражаться болото плод. Порт нажать полюбить смеяться возбуждение ботинок. Тута зима счастье командование.
Вздрогнуть протягивать термин при. Кольцо рай достоинство грустный намерение рай.
Мгновение неожиданно пересечь умолять интернет. Армейский совещание угроза находить задрать изредка изучить необычный. Сбросить головной район плод выражаться еврейский. Разводить постоянный приличный обида.
Сынок освободить нажать неправда. Манера выразить функция указанный.",18,387841158.64,1976-03-18
502dde18-86e1-4b5c-88c2-8010d067ede7,Ameliorated web-enabled toolset,01:09:00,"Ведь помолчать о отметить вряд выкинуть зима. Правление падаль социалистический выраженный передо столетие смеяться.
Проход запеть тюрьма цель фонарик какой правление успокоиться. Столетие присесть славный тусклый вздрогнуть процесс издали прелесть.
Идея умолять эпоха дьявол наступать порог сверкать. Правление поезд очко пол школьный аж. Единый запеть монета ночь. Господь ленинград банда через.",0,113858833.06,1946-08-10
34e41375-9db2-4e92-9f7d-76f36353f4e6,Фундаментальная и локальная координация,01:39:00,"Writer per less budget. Onto contain issue season avoid. Matter establish degree green.
Reality artist small toward positive. Indeed main civil.
Learn campaign light soon. Over can pass. Watch once son especially later better.
Cut do tough detail glass range likely.
Sometimes scientist read wish many item idea. Together fact white position mouth hour list series.
Mother edge manager teach lay present my. Crime play wait issue.",18,738732808.87,1932-05-11
d51ce7b5-dd79-4d62-93c4-4a7cff3d22e3,Optimized empowering implementation,02:16:00,"Total physical this model. Measure firm put cultural beat yourself much present.
Sort grow car key that claim week. Low lay type focus crime.
Tv present power education state true. Law art experience high Republican bad need area.
Thought later former several easy theory near show. Technology reflect particular free another work cause.
Culture memory away indeed gas visit.
Manager try there citizen door organization minute. Should see Mrs yet. Rise land threat else few food.",18,528832716.32,1957-08-27
23855b90-cb3b-4533-a756-bab9bb81426e,Open-source heuristic intranet,02:58:00,"Близко равнодушный невозможно правление. Кольцо трясти картинка пространство. Вперед сверкающий набор ботинок наткнуться уточнить кожа порядок.
Желание оборот светило желание дрогнуть разуметься. Потом монета услать поколение.
Хлеб валюта интеллектуальный жестокий табак сынок хотеть.
Прелесть призыв деловой дрогнуть. Холодно манера руководитель место. Мотоцикл процесс заработать девка четыре космос.",6,934467746.71,1961-05-05
33875037-f579-42ed-8aba-818a640c90d9,Re-engineered empowering extranet,03:12:00,"Keep wrong her doctor here not above. Bed very notice sure later somebody. Grow stay method successful amount lead.
Series Republican some necessary score. Baby summer skin story alone interesting vote. Lawyer beyond manager.
Knowledge necessary top amount decide much series. Political possible appear else our reach decision. Ahead rich certain. Not game return spring likely friend system.
Exist usually wish work chair president. Western order deal evening include stop range.",6,417485798.64,1948-03-18
ccda4639-3814-4892-99ea-7aa00cd42d49,Diverse content-based encryption,02:26:00,"Among cultural star ball lot. Include stay his bar ready. Thing tax successful.
Policy sense side protect. Child firm Congress head recently.
Man white yeah participant officer specific top law. Much election entire election. Among sense system front arm magazine. Since move serious full.
Resource look away official important local company. Training nation live charge.
Early minute sea. Improve yeah company let study.
Himself group most phone.",6,6220662.95,2016-09-13
3ea805cf-d96a-4098-9682-f85f57267e43,Operative uniform focus group,01:53:00,"Недостаток нож мера угодный тяжелый неправда. Коричневый труп мрачно механический. Неожиданный крутой услать дьявол дыхание жидкий. Ленинград порядок грустный командир столетие сравнение ночь.
Поколение тяжелый затянуться угол развернуться. Витрина коробка налоговый сынок запустить торговля смертельный миф. Войти дружно табак чем что.
Кузнец радость налоговый тюрьма бабочка. Команда смелый порт невозможно очутиться.",12,507461111.07,1946-03-04
dac8e4dd-9f17-46ef-9865-5e025b74bf9a,Самодостаточный и заметный хаб,02:37:00,"Очутиться песенка следовательно приличный песня наткнуться похороны порт. Выражение вперед интеллектуальный достоинство цель подземный. Призыв передо эффект куча редактор правление монета.
Мусор сынок пол спорт падать выразить. Бабочка жестокий плясать хлеб холодно тусклый художественный невозможно.
Бригада солнце остановить направо снимать.
Трясти потом вчера домашний монета число палата ремень. Уточнить функция запустить.
Выразить изображать возбуждение смеяться.",18,431637624.15,2002-06-27
1b3bae68-e409-4055-a2c3-d5f42604c9b1,Устойчивый и глобальный доступ,02:05:00,"Витрина ягода возникновение наступать.
Мотоцикл ботинок покидать товар разводить товар ответить сынок. Манера дыхание ярко мальчишка затянуться.
Отдел песня ручей.
Прежде умирать бок. Прежний точно мелькнуть встать зеленый ставить.
Нож понятный зеленый мелькнуть разуметься. Скрытый монета сбросить исследование тусклый. Строительство слать настать бок решетка правление.",12,602363100.51,1966-06-16
6d0ed363-2c1a-43f7-958a-0e0cb6ea3e49,Programmable exuding parallelism,02:09:00,"Little exactly anyone modern agree stuff represent. By environment poor suddenly thought feel hair.
How table read agreement season finally media describe. Young bit term nature thus hand. Final student clearly church science ability cold.
Federal player understand national trouble difficult. Interesting lead represent black wrong. Energy consider change.",12,2672895.28,1928-10-23
2752b069-f76a-4957-8807-6237a31f6d2c,Operative coherent circuit,02:53:00,"Коробка рай недостаток гулять постоянный. Медицина вытаскивать о экзамен войти голубчик развернуться дурацкий.
Холодно способ дрогнуть расстройство фонарик.
Приятель постоянный устройство рабочий. Вздрагивать сбросить хлеб. Слишком пасть мучительно реклама привлекать четыре затянуться.
Граница спасть зачем деловой столетие заложить. Бак растеряться остановить услать мусор упорно похороны посидеть. Художественный зарплата покидать наслаждение.",12,822448710.05,1988-05-24
99f8ef2d-c0e8-4290-83a6-b460677b198d,Front-line next generation framework,03:26:00,"No case per organization. Back amount enjoy southern officer about her improve. Serious member sort city sort.
You win rather another among feeling final simple. Raise green necessary carry owner long.
Cup remain spring drug every. Discover action throw watch nor. Travel foreign tonight word card sign. Meet character item view north time edge.
Carry add lot teacher fight. Modern hold program join and hit condition. Sign budget sit his feel serious risk.",18,726515132.8,2009-06-15
09876245-335b-4ddd-bdbf-a33e23abc2fb,Quality-focused executive approach,03:44:00,"With though back wall. Foreign professor assume reality.
Former deep situation wind most.
Election military get first reach. Realize often this detail cold.
Next science that woman have follow lot. Door ability low although.
Great budget man artist lawyer. Fly enough start table run administration and.
Maybe whether billion contain music memory. Peace tend probably window door movement market.",18,814088022.26,2025-10-10
62531f1e-00a6-4fce-ab03-320c8c0852e8,Polarized needs-based projection,03:15:00,"Call region continue energy special. Guy night thank card building special. Cell maintain member argue word.
Trade citizen reason peace. Power value represent.
Name professor some husband partner speech wish until. Participant at effort enter mind foreign likely.
Several likely available especially sister entire blue land. Write small its I street cost thought.
Rest to when conference although expect factor. Sport capital paper weight stand offer energy.",12,29890260.72,1920-02-16
af3763b7-7954-464c-8287-33c652eaced6,Контролируемый и встречный адаптер,02:33:00,"Боец функция решетка наткнуться. Неправда армейский еврейский некоторый нажать. Возмутиться естественный забирать природа командование деньги.
Порядок доставать рабочий белье. Солнце намерение потом появление вскакивать прелесть уничтожение цель. Ведь расстройство отъезд миф сустав неправда что.
Бровь недостаток через сомнительный рис трясти граница. Возникновение наслаждение четыре изредка угроза грустный зачем.
Выражаться сопровождаться кожа уничтожение. Задрать умирать штаб князь.",16,782550745.8,1973-04-19
77ae4c44-0946-4323-afdc-9932fc01f4c6,Configurable explicit archive,01:30:00,"Cut require company affect now when though ever. Draw cold wife who fear everyone black after. Represent matter view order concern.
Citizen range task game. Guy then theory action article set. Interesting message hospital theory help wall smile.
Point account standard story but right fact. Vote range most bag above. Food do senior all scene word center different.
Room rather none peace.
Site base hot good. Class officer third two marriage.",18,466126075.68,2026-06-14
7bd0bc4e-e14f-4f46-8e8b-d015a6b4ebc1,Digitized multi-tasking attitude,01:10:00,"Иной аллея фонарик карандаш порядок. Кожа через песня карандаш. Художественный висеть ложиться механический.
Костер боец девка а выкинуть славный. Сохранять рассуждение торговля эпоха крутой правление увеличиваться. Выразить носок упорно отъезд. Второй прощение мелочь плавно цепочка каюта.
Бабочка мимо военный умирать ложиться развитый пища. Счастье адвокат песенка домашний голубчик тусклый. Тута необычный каюта кпсс недостаток граница.",0,330909539.78,1950-08-15
1aa28ea9-5df1-4ce1-a2db-7524bfcfd4ee,Новое и переходное оборудование,01:00:00,"Сверкать механический господь. Еврейский руководитель угол. Теория подробность страсть.
Вообще инвалид передо солнце факультет горький выражение. Адвокат витрина теория расстройство наслаждение смертельный. Спичка витрина юный пол развитый.
Тревога полюбить выраженный засунуть правление волк. Какой крыса увеличиваться второй близко коллектив около. Слишком одиннадцать передо правый приличный исследование тяжелый.
Полоска оставить смертельный тюрьма. Применяться правый боец рота выбирать.",16,949324149.81,1987-12-17
1afd4484-49c1-4870-b60c-c754c4ce04d0,Robust dynamic productivity,01:59:00,"Feeling general resource week. Risk agency child.
Process quickly similar their. Letter project ahead clearly others education. Inside nature about always month thousand.
Hotel because pull lot would establish none.
Drop fear song. Watch all anything note computer.
Responsibility cost student your pressure history here. Break edge rest within beautiful yourself.
Management leg magazine here kitchen cause. Mouth voice safe cost total. Bag bank glass travel alone from commercial owner.",12,782380012.67,1942-07-04
677a4d7a-ae9b-4bdb-a72f-67f73eba99c7,Органичная и специализированная эмуляция,03:22:00,"Казнь крыса горький прощение премьера. Избегать настать полюбить написать обида советовать дошлый.
Назначить сохранять командование стакан. Зато основание мотоцикл разнообразный экзамен.
Исследование князь носок демократия. Неправда мотоцикл теория уничтожение нажать подробность. Домашний ребятишки изучить тысяча сынок число жидкий. Девка покинуть прошептать вперед полоска.
Точно пространство около коробка. А угодный народ место. Совет один пища изредка второй.",16,885902752.33,1924-04-03
74429405-c801-4e71-87cd-1d726e8cd8f7,Pre-emptive grid-enabled instruction set,02:31:00,"Require matter new great center defense own detail.
Hospital animal before hold environmental bring culture nearly. Enough so kid structure system.
Dream skin admit staff. Begin not yes.
Reflect marriage both perform. Fish child great direction nothing including enter able.
Both building authority everything. Site accept population leg record. Hand political home maintain. Machine it expert clearly us own.
People see part to few lead. Former movement too country five shoulder far.",18,214653471.08,2021-11-06
09901650-fe76-4f18-9bf9-e24256f4909e,Дублируемая и системная инициатива,03:24:00,"За девка плавно рот означать. Поезд юный второй вчера школьный грустный.
Команда вариант пятеро услать услать. Умирать поздравлять кидать хлеб.
Выраженный ребятишки труп. Исследование школьный сверкающий лиловый головной услать аллея.
Вскакивать миг смеяться число металл снимать. Сынок рай задрать.
Близко иной танцевать хотеть конференция недостаток наткнуться мотоцикл. Прошептать правление функция выбирать миг плясать банк тревога.",16,591070813.68,2007-11-30
1444ba20-39ac-43a5-bccc-1cc41c2f03b1,Межгрупповое и нейтральное интернет-решение,01:50:00,"Дыхание запретить расстегнуть потом видимо. Порядок приличный стакан бегать художественный ложиться. Посидеть прежний деньги грудь написать.
Покинуть написать выражение. Применяться сомнительный поставить даль. Уничтожение рай висеть тревога смелый висеть мягкий.
При налоговый академик. Мрачно райком конструкция порядок. Вздрагивать передо похороны перебивать падаль приличный металл.
Кидать трубка школьный бетонный тесно лиловый рота. Коллектив командование витрина способ банда.",12,326795376.14,2018-10-22
2c417aef-cf61-4d18-ae06-06ba2317f36f,Synchronized multi-tasking success,01:07:00,"Помолчать посидеть серьезный мальчишка. Сохранять гулять головка славный инвалид. Возмутиться изредка отъезд природа человечек социалистический конструкция.
Решение волк дыхание запретить упор избегать даль. Единый мера мелькнуть необычный страсть коммунизм полевой тревога.
Пространство пасть монета ставить проход эпоха процесс райком. Народ коллектив при цепочка команда. Жить эффект чувство трубка упорно дорогой инфекция рот.",18,204912707.74,1993-05-03
21bf0f34-fea3-4cb9-b9a7-94e72ffacc8a,Up-sized even-keeled initiative,02:01:00,"Work carry focus change artist country. Finish or few check without approach the.
Indeed yes crime some. Time relate he.
Finally adult market center however some walk. Close win performance. Ground teacher exactly series or. Wall why thank.
Risk two employee certain inside ok talk provide.
Heart foot west.
Size know law budget institution more. Character front expert against. Painting mean talk fire.",18,704244600.22,1993-06-21
0c6967ae-a4d8-4920-9d51-c7d95b61d752,Right-sized neutral system engine,02:52:00,"Пламя горький помолчать девка. Палка академик ярко ложиться столетие палата.
Плясать сопровождаться слишком расстройство прежде сутки. Дыхание разнообразный неправда приличный.
Мягкий ягода металл тесно ставить поговорить мелькнуть. Слать сверкать правление.
Очередной белье запустить художественный. Пасть возбуждение князь дальний дрогнуть виднеться растеряться.
Холодно пропасть увеличиваться парень умирать исполнять. Чем жить актриса число засунуть.",16,85253338.72,1992-11-14
e9774607-8354-4ac8-adcf-f72a1716c51b,De-engineered asynchronous approach,03:02:00,"They tax build. Meet best science. Letter four movement can.
Total commercial particular. Do agree different raise here body take.
Home thank once physical. Blood who hot see page.
Agree far yard firm. Whatever word can protect should out. Win hear add hour. Vote reduce plant smile could.
Cover million call artist deep. Prepare suffer training former away everyone glass. Class in probably.
Agree positive western green. Indicate case institution member citizen decade. Talk within safe.",16,943890625.89,1933-01-08
6c34f6f7-2682-4513-951e-96f325e7eb19,Расширенное и высокоуровневое управление бюджетом,02:34:00,"Секунда тяжелый снимать мягкий помолчать спасть. Витрина ученый решение палата мусор нервно. Карман жестокий актриса недостаток сверкающий социалистический.
Выразить табак предоставить миллиард поздравлять ученый. Функция обида песенка зато головной мгновение белье.
Аллея невыносимый домашний вытаскивать монета куча актриса. Коммунизм естественный падать спорт очко.",6,848906012.0,1936-11-28
3e78c42e-79c6-46a5-84ba-afca64de824b,Future-proofed global artificial intelligence,01:03:00,"Школьный дурацкий проход крыса светило эпоха мрачно подробность. Бабочка миллиард забирать мучительно. Руководитель премьера угодный желание иной.
Уничтожение соответствие ложиться мусор присесть видимо более добиться. Падать металл основание второй тесно угол.
Растеряться ставить актриса фонарик район хозяйка дрогнуть. Песенка горький белье.
Сохранять космос советовать исследование. Болото выражаться заплакать покидать плавно приходить призыв. Магазин народ посвятить бабочка команда.",0,814825448.44,2021-12-19
d01b25df-fe4a-4617-b8b9-ee0c60db6556,Устойчивый и гибридный веб-сайт,01:35:00,"Than along become friend. Child be style reflect.
Program political various sport civil success father. Effort store out.
Miss way describe card skill maybe quality husband. See statement animal experience fall we recently.
Often develop hot answer position music. Positive green religious prove foreign admit.
None everybody life three.
Suffer morning half listen raise partner wear. Few low season foot.",18,871423927.42,1966-02-25
cb55c939-b208-4183-9cac-dc086cdad4ea,Реконструируемая и бездефектная локальная сеть,03:22:00,"Достоинство кузнец волк степь разнообразный передо опасность. Рай применяться разводить.
Хотеть июнь уточнить премьера единый райком оставить. Выдержать дошлый при инструкция вздрагивать обида написать.
Функция очутиться потом налоговый бочок. Равнодушный отметить салон пропасть ленинград.
Хозяйка головной хотеть деньги. Штаб устройство граница торопливый выдержать упор жить пропасть. Затянуться холодно жидкий казнь командир.",6,126211236.26,1949-05-27
9008a579-51a2-4cde-80db-8e277bfd15c0,Multi-layered impactful Graphic Interface,02:47:00,"Will character old can story price. Support might through walk open think avoid. Number plant coach debate.
Human read save body lay just. Official goal quite with analysis camera especially.
Figure deep add street pick seek American buy. Choice contain hold stop.
Form behind answer important prove someone want. Provide loss thank themselves.
Current store democratic nature turn present administration amount. Hair investment should few language sometimes without. Hundred take box.",12,692559307.72,2019-11-10
9c0da375-3d5a-4608-b8c7-9e36139d6c33,Digitized actuating info-mediaries,01:34:00,"Ягода сопровождаться пища. Лапа поймать порядок покидать.
Миллиард мрачно невыносимый валюта рота выразить лапа. Появление район мотоцикл монета адвокат виднеться.
Актриса войти смелый счастье при зима. Возмутиться поздравлять казнь ломать запеть палец. Дальний назначить оставить дружно приличный волк.
Освободить покидать вчера основание иной хотеть изменение. Одиннадцать опасность очко палец легко падать. Пища полоска забирать советовать.",6,115217573.6,2015-07-08
1b7592f5-0e3c-4c80-b5a2-4bd6f1157cba,Уменьшенное и встречное межплатформенное программное обеспечение,03:16:00,"Effort child store knowledge next kitchen. Best public book weight event let. Within available nature.
Themselves modern over case chance fear memory. Tree position project so company. Bring after option American cell.
Line then physical left writer quality class. Green beautiful sell medical hand.
Into best better although or me. Small physical friend stop story discover read.",0,71217188.66,1947-01-06
6dc440b0-7d0d-4e8c-8dfa-aacb16c25536,Cloned eco-centric approach,03:17:00,"Ready born read western by friend happy.
Everybody happen eight type three off. Gas matter difference either. Need suggest beautiful however thus senior.
Political usually so police. Half some paper area music.
Factor very poor officer modern dinner. Million drug cut realize.
Appear suggest personal sign. Money hear beautiful measure. Win dream camera while boy security during. Mrs politics summer day crime I.",6,407559808.28,1921-09-13
7c08735f-311c-4060-9637-87bee6bf9673,Automated contextually-based task-force,01:35:00,"Коллектив возмутиться район. Расстегнуть витрина сопровождаться второй. Зеленый кидать плод.
Господь господь манера присесть издали добиться развернуться. Пятеро житель избегать потрясти. Рассуждение опасность мера карандаш.
Мальчишка порог смелый угол. Нажать налоговый цель естественный солнце трубка.
Сравнение тревога да функция точно угол торопливый. Каюта светило спалить беспомощный пасть невозможно при. Бровь пространство прежде цепочка.
Куча более мимо.",0,530589861.72,1931-01-07
ecab2181-cb9d-42f7-b110-65986cef6204,Автоматизированный и пошаговый графический интерфейс,01:09:00,"Catch exist protect between piece exist. Approach ten office husband also main.
From enough style staff. Over organization appear everything. Rise staff eat project itself kitchen you store.
Sister together debate field case strong. Toward everything theory very. Radio a look major no sense end.
Stuff candidate improve color east cup community. Create relate tell mother during per tend within.
Head question administration century participant week suddenly. Wall test would fall score.",0,172287866.08,1970-08-15
e52406b3-6af5-42dc-a087-fe3f73c2cb30,Интегрированная и асимметричная структура,02:03:00,"Bit not explain political election career. Later expect even south. Size actually need crime each.
President upon local not so common. Partner ground Mr because. Dark development child culture get finish various. City instead debate.
Argue method sing time grow. Then free between material. Collection increase dinner radio.
Street outside behind on on according foot. Bank surface say remain series.
Plan long interest clear example table. Turn share impact.
Local study candidate adult.",16,484816841.38,2003-08-27
1f2f5550-69ee-4ec3-82d2-d6cf2d0fc05c,Удобный и круглосуточный веб-сайт,02:28:00,"Suddenly note later significant door. See someone leader between ten interesting first.
Throughout ever rule cup responsibility low. Art study purpose role yes maintain. Class professor relate protect.
Experience security second campaign. Partner type deal us including research interview. Set choose single live mother idea turn.
Enjoy last maybe term. Guy real watch fly. Interview whether evidence look cell move. Reality drop right spend discuss.",6,491085266.6,1963-10-09
ebaef81b-0f73-4e06-bb20-5ef173be29af,Ассимилированная и приоритетная координация,01:35:00,"Factor his some gas finally. Figure sing determine inside human rock more their.
Stock feel chance west strategy understand spring. Never before skill cover. Certainly country game group recognize ahead station.
Responsibility board nature. These writer yard focus cold.
Side pay five. Large very same price ten culture because. Gun recently board attack environment anything.
Yourself deep girl sound. Hair nearly identify style.",12,273887639.3,2009-06-14
0eda6729-995b-43a0-9a17-b89035543c47,Front-line reciprocal Internet solution,01:07:00,"Мелочь эффект металл. Карман непривычный бочок кпсс мягкий.
Умирать наслаждение затянуться мрачно чем. Призыв вообще карман умирать девка о появление. Обида зима вздрагивать сынок.
Нож мимо неожиданный интернет. Через нож тревога. Художественный район пробовать сохранять. Вывести порядок сопровождаться социалистический бочок.
Мучительно засунуть при банда зачем провинция. Намерение бегать природа зарплата.",18,323538705.73,1993-07-17
7c01f309-b5b4-4962-843f-9698ce3ede17,Опциональная и мобильная служба техподдержки,03:24:00,"Расстегнуть поговорить вздрогнуть банда результат блин спешить. Ученый потянуться господь цель сходить прежний еврейский. Деловой дошлый степь художественный социалистический.
Строительство разнообразный приятель райком слишком рай.
Возмутиться поговорить вариант пища ярко кидать проход. Исследование магазин пространство.
Стакан витрина неправда выраженный. Труп господь увеличиваться деньги факультет проход. Число мягкий витрина реклама жестокий пространство вообще.",18,436556725.43,2025-10-20
4ad5c73a-5c99-4e98-9d90-0e03b0986909,Compatible reciprocal middleware,03:09:00,"Painting no discover under. Election accept value sort. Art boy win partner show step several play.
Finish analysis response next character economic however. Evening school difference sell party old.
Goal finally theory. Reflect open expert western many.
Energy development heavy turn song. Scene after watch dream manage how up. Everything common support event save mind small present.
Improve big side you. Every every we none true born picture.",18,12109727.3,2020-10-23
81d5edb0-d9b4-4d01-968c-8eda5f5b6a03,Уменьшенная и динамичная база данных,02:19:00,"This create improve rule partner car. Hot senior well ability.
There upon sister important theory. Degree conference wait list clearly. Democrat stay run every father participant would.
Thousand once authority picture. Value on none during bit.
Thank test system state gun. Thought military might successful positive send.
Teach five effort southern cover cultural front. Five charge admit south determine. Group several start building.",18,127095007.7,1971-10-08
24ce7888-3716-43b8-9d28-4239e17abe25,Дублируемый и потенциальный искусственный интеллект,01:08:00,"Пятеро недостаток налоговый художественный полностью. Жить лететь палка налево находить конференция редактор. Выразить бетонный порт равнодушный помолчать тысяча.
Роса мера медицина запустить господь вытаскивать. Ярко чувство плод. Естественный бабочка пропаганда какой анализ. Вскинуть палка крутой прошептать тута вытаскивать школьный.
Экзамен налоговый команда тревога. Зато пятеро банк правление рота. Господь освободить радость.",12,578631714.43,1997-10-24
a3128f74-4fcf-4cae-b2db-d585516780d1,Оптимизированное и ультрасовременное хранилище данных,01:10:00,"Карандаш песенка падаль полностью потом исследование госпожа табак.
Господь мера забирать вариант выразить развернуться. Теория бегать перебивать изредка.
Неудобно кожа карандаш господь парень следовательно торопливый через. Юный счастье неожиданно художественный наслаждение результат грудь.
Дурацкий вскинуть неудобно деньги смертельный левый сходить школьный.",0,933975215.92,2004-07-01
ac393398-9266-4f9c-8a2d-d14ae2aa114e,Face-to-face next generation protocol,02:50:00,"Opportunity she property same truth white why. Institution sit win minute voice alone art. Part great technology under indeed art control.
Performance training space after. A both action. Human next rock cold by short show.
Against forget view development. Body support consider forget life identify.
Candidate return always community case shake option movement. Property across assume from. Necessary report thought end.",18,139697717.83,1993-05-31
979d4dea-2a55-46c2-a9d1-95d1bd7fab87,Reactive radical protocol,02:42:00,"Reveal draw road summer operation case. Our result world around.
Mr whose drive region within. Born including remember leg east trip quickly rate. Civil very say citizen wish TV most.
Scene hundred stuff child while onto few. Billion major realize rock.
Easy join lead question suddenly the. Million ready behavior very fast. Want nature opportunity she maybe kitchen.
Expert rate rich yeah I concern serious. Camera yet along interview part throw bar star.",0,734306436.47,1986-02-05
5e77bfad-cca1-40e3-9460-368c94829eed,Самодостаточный и высокоуровневый хаб,01:44:00,"Шлем носок видимо домашний. Танцевать потом триста.
Слишком аж мальчишка премьера казнь виднеться конструкция. Спорт головка горький порядок горький.
Предоставить боец хотеть кольцо. Светило пол художественный темнеть.
Задержать равнодушный упор бровь головка предоставить. Монета приходить задрать угол. Ремень радость тяжелый бровь освободить.
Трясти вчера войти труп ребятишки.
Князь бетонный задержать ботинок провинция коммунизм командующий. Видимо затянуться инструкция ложиться.",12,509301774.57,1954-03-06
9dae46b7-7f1a-4d67-b808-9e9c1b622d6c,Безопасная и многозадачная установка,03:37:00,"Пересечь процесс серьезный жидкий. Плод падаль спалить девка парень песня песенка. Мальчишка дрогнуть решетка стакан.
Уточнить посвятить совет. Жестокий конструкция хлеб магазин коричневый рабочий. Покидать бочок совет терапия вывести.
Зима изучить единый цвет товар подземный наступать. Помимо картинка забирать сынок ложиться ныне тута.
Спешить радость монета ботинок стакан спичка эпоха. Коммунизм сынок еврейский боец.",0,308161789.12,1991-07-21
2d56957e-9087-4750-8598-9d99f1933845,Обязательная и заметная функция,03:55:00,"Болото банк мальчишка нож. Изменение жидкий цепочка. Присесть при смертельный космос место применяться.
Порядок бочок плод. Некоторый задрать смертельный успокоиться угодный подробность.
Крыса наступать девка адвокат за.
Банк беспомощный прелесть. Пасть второй сходить идея дружно сбросить разнообразный. Желание вряд устройство нервно скользить. Народ товар правление монета.",18,371858236.61,2022-05-03
f58f62f8-c6cd-4d19-adce-d4d1da14b149,Интуитивное и двунаправленное определение,02:03:00,"Эпоха процесс постоянный заложить тревога набор функция. Монета проход издали соответствие. Некоторый аж остановить вздрагивать ленинград выразить. Ведь скрытый боец песня.
Граница бок зеленый сбросить услать угроза витрина. Тяжелый призыв находить. Пламя монета цвет налоговый. При пространство совещание банда смеяться.
Войти а чувство расстегнуть. Что коммунизм доставать карандаш выгнать.",16,798652688.98,1988-11-24
f9a7e8ba-2326-4fd7-b228-98060197c4f6,Enterprise-wide responsive Graphic Interface,01:35:00,"Разводить пропаганда пятеро волк.
Добиться сравнение некоторый решение одиннадцать лететь миллиард. Витрина аллея засунуть мягкий выражение собеседник фонарик упорно.
Пол витрина столетие материя угодный возникновение. Советовать умирать выгнать шлем.
Лететь неудобно рот затянуться коллектив руководитель. Кольцо слишком смеяться.
Тревога процесс песня школьный очередной отъезд банк сохранять. Карандаш жидкий основание видимо близко запеть.",18,772084572.28,1945-10-22
85bbf311-5929-482a-a259-21f783c36c59,Public-key exuding core,03:43:00,"Счастье жидкий иной изредка радость хотеть господь. Угол наступать коричневый.
Присесть исполнять грудь триста. Развитый грустный желание роса актриса. Назначить тесно прошептать.
Снимать перебивать картинка уничтожение район инфекция. Очутиться сбросить что реклама ставить. Расстегнуть горький медицина житель нервно.
Бак дрогнуть трясти возникновение лиловый выразить. Недостаток народ угроза степь очко военный провинция легко.",12,994638857.97,1989-01-15
b3bb325c-6f93-4946-9d94-ca835b5be056,Переключаемое и яркое групповое программное обеспечение,01:06:00,"Audience game school minute work enjoy few. Cover building machine image bag write focus.
Push similar speech month question. His benefit authority prevent worry may. Big ok staff policy.
Open such well second yeah treat respond. Place choose father relate.
Dark else chair east. Nothing writer this like.
Store appear response table bar anyone style allow. Interest feeling leg serious east body performance. Cup board car though beyond board.",18,414694299.45,1960-05-19
33b5c78e-cad2-4331-b9b9-a38ef8954dec,Клиент-ориентированный и итернациональный портал,02:52:00,"Блин выражение стакан иной кпсс. Триста банда каюта зеленый второй госпожа.
Правый банк плод очко сохранять подземный труп. Засунуть прелесть пересечь отъезд аллея каюта спалить.
Рис покинуть тяжелый помимо разуметься коробка монета материя. Господь новый салон оборот анализ эпоха. Назначить выдержать избегать процесс сходить ягода темнеть.
Издали следовательно легко угодный поймать еврейский. Вздрогнуть падаль означать адвокат решение багровый.",6,627907086.21,1927-07-20
67021090-97c3-44f2-82ed-cf5f65828f38,Многослойный и локальный инструментарий,01:53:00,"Металл девка манера помолчать наступать кпсс. Ягода освободить куча возможно присесть а. Запретить кузнец волк иной гулять пропасть.
Выкинуть боец полюбить карман житель. Плод смелый район место увеличиваться о зато деньги. Привлекать зачем устройство пропадать заложить слишком. Функция засунуть умирать бабочка порог мера господь неожиданно.
Актриса медицина похороны. Сбросить смеяться оставить разводить заплакать предоставить функция народ.",6,727383379.13,1922-07-17
8a99736e-dad6-489d-aa46-0ee02356e5fe,Взаимовыгодный и социальный инструментарий,03:42:00,"Together must positive third case public each. Cover institution pass right forward difference.
Relationship this act ok cell then. Want word expect cup put program deal. Build as chair item sign country.
Ask leg visit read away. Military movie summer amount religious. Budget community share society economic way evidence.
Land very very size decade individual. Realize so subject sing true.
Charge try million practice effort. Material hit such happen.",16,67009683.82,1945-08-23
d9b9480a-a1e4-49d4-b8b5-a28a761924b7,Vision-oriented high-level groupware,01:27:00,"Poor couple southern fact difficult hope. Gun like image year.
Cover doctor hot well example recently decision. Assume create system drug. Build recent population specific eat if item.
Political rock of. Physical against everybody baby.
Expert near themselves more. Authority would clear Mr star eat reality.
Hotel work about around. Physical almost reality test question whether offer.
Important simple audience. His choose into from.
Fight join notice almost quite. Card out deep study.",12,876106737.7,1970-05-05
08c2602d-87d3-4851-b7fb-2bad244b5357,Cross-group analyzing system engine,01:43:00,"Носок прелесть заявление цвет. Носок трясти невыносимый бок стакан. Мелькнуть виднеться монета освобождение более смелый.
Строительство решение юный жестокий совет смертельный самостоятельно. Сынок материя изучить рот возмутиться. Очко инвалид рота табак неправда.
О плавно способ волк расстегнуть висеть прежде. Вряд даль выгнать совещание ребятишки пол вывести зима.
Выгнать правление передо грустный пропасть. Тревога ночь бегать полюбить торговля космос зачем. Дальний нож потянуться шлем.",6,409613279.39,1987-06-14
b51a7d8d-dbc7-426e-9013-dd2124a444bb,Кросс-платформенная и эвристическая рабочая группа,02:09:00,"Место порядок выраженный поймать пробовать задержать. Похороны наслаждение падать ломать неправда неожиданный указанный указанный. Холодно запретить ставить цвет социалистический спичка.
Кольцо эффект решение бак правление.
Означать пропаганда порядок счастье болото сустав стакан очутиться. Желание скрытый куча ручей.
Вскинуть число лететь ныне жить. Инфекция цепочка тута тюрьма спорт решение. Голубчик четыре социалистический ленинград да.",18,837466820.02,1980-01-23
67d8b4ad-4640-43f2-9c53-6b4929f30103,Централизованная и динамичная служба техподдержки,03:38:00,"Картинка дурацкий новый конференция князь. Тревога лететь обида зима. Увеличиваться непривычный рассуждение увеличиваться деньги о написать.
Тысяча самостоятельно райком скрытый столетие приятель. Неудобно палец более блин сопровождаться провал секунда.
Мелочь магазин сбросить поздравлять горький. Мягкий поймать налоговый жестокий забирать триста рис вытаскивать. Горький фонарик отметить что премьера сутки уничтожение сбросить.",6,242133127.5,1984-05-09
