id,name,description
5281b73b-11ed-4f7b-98f5-e0b1112fb0a6,Genre 1,Sample English description 1.
7362cb52-93e7-480a-81c8-4ef406f27a6a,Genre 2,Sample English description 2.
d9efb0d5-e374-40f8-beb1-c8161a2ee762,Genre 3,Sample English description 3.
1327b43a-338f-487a-b0c3-d464d8925f39,Genre 4,Sample English description 4.
cb3b063e-e8bf-4dc7-9aae-d3570437998f,Genre 5,Sample English description 5.
5a4d2521-ca1b-47da-821c-d213d5f0c28b,Genre 6,Sample English description 6.
628628b3-77a9-492e-a352-7eda73f8e629,Genre 7,Sample English description 7.
e9c047df-838f-495b-9032-38c1c52bc137,Genre 8,Sample English description 8.
e9c5d797-2c7f-4d5d-b7d7-948f2c6ab9ea,Genre 9,Sample English description 9.
15631db1-ce85-47d7-9bcd-2518d6933abc,Genre 10,Sample English description 10.
47c3c897-eece-4c0f-adbe-ae177452969e,Genre 11,Sample English description 11.
4c77f146-42ed-4f51-92f5-80eb980cfbaf,Genre 12,Sample English description 12.
206a5af9-676e-4f3d-9c4b-b7c653fc52d2,Genre 13,Sample English description 13.
8b27d241-65c9-4cc5-9a2a-aeda4898069e,Genre 14,Sample English description 14.
49fe3a60-400a-4a4a-a5ad-6cb7358caad1,Genre 15,Sample English description 15.
5dd7e65b-743d-4154-b7a1-00b97dcf5c58,Genre 16,Sample English description 16.
8a17e32d-6180-444d-abe8-a9568ee0e82e,Genre 17,Sample English description 17.
651958f5-1e8c-4ed1-9083-bf367a2daf4b,Genre 18,Sample English description 18.
fdbe9e7d-7cbc-4788-8cd5-8eb8642d807a,Genre 19,Sample English description 19.
de7cc0eb-7174-4518-9ea8-0fbdca75dc12,Genre 20,Sample English description 20.
