id,movie_id,hall_id,start_time,language
f252d26c-d98c-4a63-aa20-dcbbcb890f35,ccda4639-3814-4892-99ea-7aa00cd42d49,f143c984-3849-40d5-a2b0-6d9ed37bc07e,2025-12-04T09:20:00,Italian
00597903-ef11-4977-a44c-213e97188f6b,9dae46b7-7f1a-4d67-b808-9e9c1b622d6c,b385ae30-ab5d-4d1d-922b-1baee7f11e02,2025-10-29T09:10:00,German
ae0f0fd7-edae-438c-b18e-783251b6de8a,81de516b-9d80-447a-a5f3-7f542dab2e6f,d9130d7c-e87e-4f52-99ff-ea84234f6f29,2025-12-11T12:10:00,English
173d6a01-7c95-44bf-adb6-da235e68a42b,5597d267-e508-4a43-8244-f8ec9fdecae4,9174df91-bbab-4a3a-96e4-a815df880a07,2026-01-10T19:00:00,Spanish
c3cf8adc-0d93-4fad-9ab7-5411e17d3ea6,33875037-f579-42ed-8aba-818a640c90d9,c545ee76-5ce3-4683-a6f2-7918ea4b9601,2025-12-10T21:50:00,German
b42a26a1-ca69-4d19-a10e-ab55ea1a32f2,d9b9480a-a1e4-49d4-b8b5-a28a761924b7,05e81d16-559b-47bb-82e3-b8530bdbc109,2025-11-10T20:40:00,Italian
62b916e4-3554-4072-b102-5d2c62bd3bd5,4edba6e8-c8d9-4fe2-a682-124b91f87604,e16750c4-717c-432b-a04f-f09f675691f5,2025-11-22T07:10:00,Italian
c7c6f2bb-f121-45cb-a122-fd2cf777857f,4072477a-0e21-47ca-9a86-73f662b98398,5b670ca6-a7e4-4c56-ad9d-3cd266bbfaac,2026-01-18T10:30:00,German
fe366b3b-ab50-4588-9795-9ba4a1cf7f14,33875037-f579-42ed-8aba-818a640c90d9,9174df91-bbab-4a3a-96e4-a815df880a07,2025-11-03T19:40:00,French
4550fdda-13dd-490e-8357-832193bc4e75,21bf0f34-fea3-4cb9-b9a7-94e72ffacc8a,abfab99e-fd61-4782-a907-97b297c4ca74,2026-01-08T08:30:00,Spanish
46c48b64-bc9f-4a45-9234-23921029b3bc,677a4d7a-ae9b-4bdb-a72f-67f73eba99c7,d9130d7c-e87e-4f52-99ff-ea84234f6f29,2026-01-17T00:30:00,German
2dc02837-579a-475a-8606-c913c3978e22,7338dd63-a1d1-4e74-9759-cd17bae3c0d8,9174df91-bbab-4a3a-96e4-a815df880a07,2025-11-10T10:20:00,Spanish
b125cc2a-6ef6-405c-a2c4-6923a4bb83af,1aa28ea9-5df1-4ce1-a2db-7524bfcfd4ee,5b670ca6-a7e4-4c56-ad9d-3cd266bbfaac,2025-12-31T00:00:00,English
356d98d1-3dd2-49ac-a53d-b1702563dd66,cf58157c-eee8-4cb1-af62-820e7aadb847,d9130d7c-e87e-4f52-99ff-ea84234f6f29,2025-11-05T08:50:00,English
da93e4d4-a066-49d8-9fb3-86644ca539e8,5fb1457b-691f-48fd-aeca-0103d0a88833,92a96396-ac33-4bb2-a703-f8aa43bff351,2025-12-21T13:50:00,Russkiy
85c3a8ab-1a6d-47f4-940f-bc3a01dfbe00,09dc474c-41e1-47c7-bd11-8bcc61aba3cc,c545ee76-5ce3-4683-a6f2-7918ea4b9601,2025-11-21T08:00:00,English
443917dc-d43b-4d6e-861e-27b11754fe15,2752b069-f76a-4957-8807-6237a31f6d2c,9174df91-bbab-4a3a-96e4-a815df880a07,2026-01-07T13:10:00,German
7f675925-c5b1-4059-a0d0-9dc11073334a,62531f1e-00a6-4fce-ab03-320c8c0852e8,92a96396-ac33-4bb2-a703-f8aa43bff351,2025-11-17T08:10:00,German
3d685020-6202-453d-bcb6-fc9334c70974,dac8e4dd-9f17-46ef-9865-5e025b74bf9a,c545ee76-5ce3-4683-a6f2-7918ea4b9601,2025-12-25T17:10:00,Italian
f2a3c746-9feb-4fbe-9ea4-427aa7f730b8,fd530ba8-7ae3-47c6-b384-a6b01df494cb,9174df91-bbab-4a3a-96e4-a815df880a07,2026-01-21T18:20:00,Spanish
59574044-eff9-418e-a5c5-b9813f0d8d9f,c3820118-4994-4049-8719-6d71466870fe,05e81d16-559b-47bb-82e3-b8530bdbc109,2025-12-22T09:30:00,Italian
340dbd10-5162-4f3d-83cf-3a459135b350,1aa28ea9-5df1-4ce1-a2db-7524bfcfd4ee,b385ae30-ab5d-4d1d-922b-1baee7f11e02,2025-12-27T15:30:00,French
5f9aceea-c614-4967-8565-716f9f128841,99f6f5c3-1cb9-4fe1-ab1a-aa9c1d16dbd0,92a96396-ac33-4bb2-a703-f8aa43bff351,2025-12-19T00:20:00,English
128ffd14-48ee-4963-863a-7e9b56a393ef,722c5ad2-9175-4d47-9f8a-d10e496d97f8,abfab99e-fd61-4782-a907-97b297c4ca74,2025-11-13T07:30:00,English
326d9d9a-3dce-43e9-939e-722f5c3c63a9,9dae46b7-7f1a-4d67-b808-9e9c1b622d6c,e16750c4-717c-432b-a04f-f09f675691f5,2025-11-13T07:50:00,French
c88e351d-2f25-46c1-8fc0-99b716ed9f05,6c34f6f7-2682-4513-951e-96f325e7eb19,b385ae30-ab5d-4d1d-922b-1baee7f11e02,2025-11-25T12:10:00,Russkiy
62fc16d9-5d1a-4705-b412-a792cc6de0eb,67d8b4ad-4640-43f2-9c53-6b4929f30103,b385ae30-ab5d-4d1d-922b-1baee7f11e02,2026-01-01T18:30:00,Italian
72af98d8-498d-40bd-8d54-125bf3eee0f2,67021090-97c3-44f2-82ed-cf5f65828f38,5b670ca6-a7e4-4c56-ad9d-3cd266bbfaac,2025-12-02T22:20:00,French
9e3aa630-6a04-41c2-ae06-0de30da50150,8ff07004-cedb-4c53-a5dd-a034c6073f8e,e16750c4-717c-432b-a04f-f09f675691f5,2025-11-26T19:50:00,German
eea838b8-2cc1-483e-8a9e-88cff507417b,5597d267-e508-4a43-8244-f8ec9fdecae4,abfab99e-fd61-4782-a907-97b297c4ca74,2025-12-10T13:20:00,French
a5e0ba3c-ad90-4ce2-9308-1b962002f499,c3820118-4994-4049-8719-6d71466870fe,f143c984-3849-40d5-a2b0-6d9ed37bc07e,2026-01-17T20:50:00,French
18284fab-f1f3-49e3-8274-6a83a691307d,3e78c42e-79c6-46a5-84ba-afca64de824b,92a96396-ac33-4bb2-a703-f8aa43bff351,2026-01-20T18:30:00,Russkiy
d1e1daa6-4aed-45f2-be59-308d5ec3b633,0eda6729-995b-43a0-9a17-b89035543c47,e16750c4-717c-432b-a04f-f09f675691f5,2025-10-24T08:10:00,German
b4efc943-ae9e-49d9-95e4-96e07924b962,425035ef-0093-422c-a760-2740c95f4457,92a96396-ac33-4bb2-a703-f8aa43bff351,2026-01-19T11:00:00,English
d168abb8-9050-4f74-a104-33dfd9b30d07,502dde18-86e1-4b5c-88c2-8010d067ede7,9174df91-bbab-4a3a-96e4-a815df880a07,2025-12-22T00:10:00,German
2eab61f4-3ee1-4e5d-a7a7-87c2b4dc6d7d,ac17d6c1-f9a9-42be-9c29-6670939d8d5e,9174df91-bbab-4a3a-96e4-a815df880a07,2025-11-18T13:20:00,German
05958c14-593d-4a14-b296-e3877f73e58c,67021090-97c3-44f2-82ed-cf5f65828f38,abfab99e-fd61-4782-a907-97b297c4ca74,2025-12-05T19:00:00,German
df23cfb2-1933-4a8b-9fdc-f2db190d306b,1b7592f5-0e3c-4c80-b5a2-4bd6f1157cba,c545ee76-5ce3-4683-a6f2-7918ea4b9601,2026-01-09T23:40:00,Italian
26b901d9-01af-4a27-9c88-f6f1c5e0194e,d3206088-b25a-455a-9323-1c8d5829b0b0,e16750c4-717c-432b-a04f-f09f675691f5,2025-12-17T21:40:00,English
c4b143f2-acf2-498d-a67b-fb429b707fe6,3c16d474-f898-4cfe-b924-7c38bea20d5c,5b670ca6-a7e4-4c56-ad9d-3cd266bbfaac,2025-10-30T10:20:00,Russkiy
dcde93e7-a899-46bd-85db-3bae39e7a60d,2752b069-f76a-4957-8807-6237a31f6d2c,f143c984-3849-40d5-a2b0-6d9ed37bc07e,2026-01-05T10:40:00,Spanish
6be34111-8585-4df4-9b98-187e69fbffff,9c0da375-3d5a-4608-b8c7-9e36139d6c33,abfab99e-fd61-4782-a907-97b297c4ca74,2025-11-15T09:20:00,Spanish
e5e01176-2e5d-4906-b012-42d7ff48fe8e,69a62e24-d225-4d89-94b5-ae7f906b57dc,b385ae30-ab5d-4d1d-922b-1baee7f11e02,2025-11-24T22:20:00,Russkiy
3bbaeaee-c706-4c61-9d99-e0f38dd1d5cd,a3128f74-4fcf-4cae-b2db-d585516780d1,c545ee76-5ce3-4683-a6f2-7918ea4b9601,2026-01-21T18:20:00,French
1adad6e3-3ee4-40a3-abf8-31a0a5b72140,e994bf32-d050-4e52-b334-5b6074b2a959,f143c984-3849-40d5-a2b0-6d9ed37bc07e,2026-01-04T18:50:00,French
20854270-1eee-4299-a0dd-88b17bb9a7d2,b51a7d8d-dbc7-426e-9013-dd2124a444bb,5b670ca6-a7e4-4c56-ad9d-3cd266bbfaac,2025-11-24T20:30:00,German
1d6a68c5-d783-46a9-8552-555c72bc9640,1afd4484-49c1-4870-b60c-c754c4ce04d0,abfab99e-fd61-4782-a907-97b297c4ca74,2026-01-14T13:30:00,Italian
0ca6e0aa-db29-40e2-827c-893a530e501a,1aa28ea9-5df1-4ce1-a2db-7524bfcfd4ee,f143c984-3849-40d5-a2b0-6d9ed37bc07e,2025-12-22T00:50:00,Spanish
37779c51-e3d4-429a-8c80-b3a214e209d9,009bae3f-9085-415e-81bf-b86503fa9115,c545ee76-5ce3-4683-a6f2-7918ea4b9601,2025-11-30T20:50:00,German
33ef9ae7-1a07-4248-a2c0-457bc30fe73a,3e78c42e-79c6-46a5-84ba-afca64de824b,92a96396-ac33-4bb2-a703-f8aa43bff351,2025-11-22T15:30:00,Spanish
eb74316a-539d-4696-876f-c465fb0860fc,09dc474c-41e1-47c7-bd11-8bcc61aba3cc,5b670ca6-a7e4-4c56-ad9d-3cd266bbfaac,2025-12-22T14:00:00,German
442e5358-fe0c-4cbe-b015-152c72d585e3,33875037-f579-42ed-8aba-818a640c90d9,9174df91-bbab-4a3a-96e4-a815df880a07,2025-12-09T20:20:00,German
5b42a3de-eace-42f6-bbaa-9915674cc700,2752b069-f76a-4957-8807-6237a31f6d2c,d9130d7c-e87e-4f52-99ff-ea84234f6f29,2026-01-03T19:50:00,English
1a10f026-71dc-4689-ba88-261877d973f5,138aca2e-a48d-46a6-ac06-c902efe4fd18,b385ae30-ab5d-4d1d-922b-1baee7f11e02,2026-01-13T10:20:00,French
272f3646-cfe6-4d6f-be91-0f5b219214c4,69a62e24-d225-4d89-94b5-ae7f906b57dc,b385ae30-ab5d-4d1d-922b-1baee7f11e02,2025-12-17T23:10:00,Spanish
43d594ae-d740-4137-be17-efa31bb21f06,9b151d62-177e-4736-b8e5-6cf69170f9dc,f143c984-3849-40d5-a2b0-6d9ed37bc07e,2025-12-24T20:30:00,Russkiy
c2f0eb9b-5e96-4f8d-81d6-8b559d827235,ecab2181-cb9d-42f7-b110-65986cef6204,d9130d7c-e87e-4f52-99ff-ea84234f6f29,2025-12-09T09:10:00,Italian
de6c8c9f-9a74-4f82-8475-516bc698dfc2,37887751-4d47-4e5c-98fd-9fa0dc90314c,c545ee76-5ce3-4683-a6f2-7918ea4b9601,2025-12-19T21:50:00,English
85eee8c4-ab5d-46e8-8f15-9c8896d61d87,d9b9480a-a1e4-49d4-b8b5-a28a761924b7,c545ee76-5ce3-4683-a6f2-7918ea4b9601,2025-12-28T13:20:00,German
ac56290c-7ecb-48ef-83ad-0ef054977671,09901650-fe76-4f18-9bf9-e24256f4909e,e16750c4-717c-432b-a04f-f09f675691f5,2025-12-24T21:10:00,French
493208a7-afbd-4d4a-80d2-4ea6d82d0d73,85bbf311-5929-482a-a259-21f783c36c59,92a96396-ac33-4bb2-a703-f8aa43bff351,2025-12-17T14:40:00,German
91c51d82-cdb4-46b9-8330-323a58d735ff,7338dd63-a1d1-4e74-9759-cd17bae3c0d8,f143c984-3849-40d5-a2b0-6d9ed37bc07e,2025-11-20T14:20:00,Russkiy
27f4aca2-a95b-462b-953f-a906605502ee,9bc42e46-67c9-447f-be78-4ae50e491d93,b385ae30-ab5d-4d1d-922b-1baee7f11e02,2026-01-13T12:50:00,Spanish
d882182a-764e-4fdf-ba26-eebdf738a517,8a99736e-dad6-489d-aa46-0ee02356e5fe,d9130d7c-e87e-4f52-99ff-ea84234f6f29,2026-01-20T21:10:00,Russkiy
4e1b6e8b-e03a-4586-914e-f62be427e015,7bd0bc4e-e14f-4f46-8e8b-d015a6b4ebc1,d9130d7c-e87e-4f52-99ff-ea84234f6f29,2025-11-17T08:30:00,German
a22c886e-ff9c-4b50-9414-9d0c33a1aa38,85bbf311-5929-482a-a259-21f783c36c59,5b670ca6-a7e4-4c56-ad9d-3cd266bbfaac,2025-10-25T10:10:00,Russkiy
8a0f5bee-6e50-4582-8777-e44a5fd0003a,ecab2181-cb9d-42f7-b110-65986cef6204,e16750c4-717c-432b-a04f-f09f675691f5,2025-10-27T00:00:00,Italian
cded2829-4127-4b17-91f9-6d3906a6ab36,3e78c42e-79c6-46a5-84ba-afca64de824b,e16750c4-717c-432b-a04f-f09f675691f5,2025-11-06T11:00:00,English
80708393-a123-488c-8b53-5464ddc2eb84,2c417aef-cf61-4d18-ae06-06ba2317f36f,f143c984-3849-40d5-a2b0-6d9ed37bc07e,2025-12-17T14:10:00,English
f372d85a-fb7f-400a-85c3-19d5e368fd82,fd530ba8-7ae3-47c6-b384-a6b01df494cb,c545ee76-5ce3-4683-a6f2-7918ea4b9601,2025-12-27T19:40:00,Italian
b8c322b2-73e1-4a6d-8dce-7248f3a824da,0c6967ae-a4d8-4920-9d51-c7d95b61d752,5b670ca6-a7e4-4c56-ad9d-3cd266bbfaac,2025-11-19T13:00:00,English
2744a370-b699-488e-9a23-f1a324f5eebd,cf58157c-eee8-4cb1-af62-820e7aadb847,f143c984-3849-40d5-a2b0-6d9ed37bc07e,2026-01-12T22:40:00,French
170a9d18-c6bf-49af-a268-c240ba933bf1,d3206088-b25a-455a-9323-1c8d5829b0b0,9174df91-bbab-4a3a-96e4-a815df880a07,2025-10-27T20:40:00,German
0cdb74e6-7bd3-4330-b363-e81f09b2f8ca,d3206088-b25a-455a-9323-1c8d5829b0b0,5b670ca6-a7e4-4c56-ad9d-3cd266bbfaac,2025-11-22T21:50:00,English
323c8c4d-4d7b-4069-8312-208517ae43b3,99f6f5c3-1cb9-4fe1-ab1a-aa9c1d16dbd0,c545ee76-5ce3-4683-a6f2-7918ea4b9601,2025-12-27T16:20:00,English
da065983-7a76-42c4-9e87-58d00d709022,9b151d62-177e-4736-b8e5-6cf69170f9dc,9174df91-bbab-4a3a-96e4-a815df880a07,2026-01-19T09:20:00,Spanish
2b3e4347-ce2f-4dea-9c45-2bc73c9ae79d,cb55c939-b208-4183-9cac-dc086cdad4ea,5b670ca6-a7e4-4c56-ad9d-3cd266bbfaac,2026-01-08T22:10:00,Spanish
bc7e1584-a610-4a7b-82e7-103f008e05d1,77ae4c44-0946-4323-afdc-9932fc01f4c6,abfab99e-fd61-4782-a907-97b297c4ca74,2025-12-30T15:30:00,German
2f923052-5cad-4ddd-a727-40b535443e45,ccda4639-3814-4892-99ea-7aa00cd42d49,d9130d7c-e87e-4f52-99ff-ea84234f6f29,2025-11-09T23:20:00,Spanish
637913ad-6390-4a71-b593-df6eeffdc630,1aa28ea9-5df1-4ce1-a2db-7524bfcfd4ee,abfab99e-fd61-4782-a907-97b297c4ca74,2026-01-19T00:30:00,French
cade708c-0640-4367-9ef4-8bad2351ee82,7bd0bc4e-e14f-4f46-8e8b-d015a6b4ebc1,e16750c4-717c-432b-a04f-f09f675691f5,2025-12-18T09:20:00,French
16624970-9d0f-4fb1-9866-66536460c0e1,81de516b-9d80-447a-a5f3-7f542dab2e6f,05e81d16-559b-47bb-82e3-b8530bdbc109,2025-12-08T15:30:00,French
84b20759-eb2a-4eda-b4fe-6304e1286aca,2fd567ca-8efe-4948-bebd-a1a56f976d42,abfab99e-fd61-4782-a907-97b297c4ca74,2025-11-07T17:50:00,Italian
74d21fb3-06df-4a85-816e-bda80368ccff,85bbf311-5929-482a-a259-21f783c36c59,5b670ca6-a7e4-4c56-ad9d-3cd266bbfaac,2025-11-15T17:00:00,Russkiy
e39c5cc7-70fd-44b4-954b-6c19574ac042,09901650-fe76-4f18-9bf9-e24256f4909e,05e81d16-559b-47bb-82e3-b8530bdbc109,2025-12-15T21:10:00,French
141d8394-1a71-45ad-8116-9f4605f4bfd7,81d5edb0-d9b4-4d01-968c-8eda5f5b6a03,92a96396-ac33-4bb2-a703-f8aa43bff351,2025-12-14T20:20:00,Spanish
760a5565-21bd-48c3-9685-2c1537715b9f,427354fb-8736-4fd4-9ea1-30b98d1974e7,b385ae30-ab5d-4d1d-922b-1baee7f11e02,2025-12-31T20:10:00,French
6f9ff9d0-a7c6-4eb5-90cf-ac521d052063,09dc474c-41e1-47c7-bd11-8bcc61aba3cc,9174df91-bbab-4a3a-96e4-a815df880a07,2025-11-08T22:40:00,English
b241df02-b30a-4b92-a1b4-256507011669,9c0da375-3d5a-4608-b8c7-9e36139d6c33,5b670ca6-a7e4-4c56-ad9d-3cd266bbfaac,2026-01-17T11:30:00,French
50729b56-036e-4e35-9f54-37fb23aceaac,425035ef-0093-422c-a760-2740c95f4457,abfab99e-fd61-4782-a907-97b297c4ca74,2026-01-03T20:20:00,German
1028c479-bfd9-4328-a12c-6e5f27cc8c20,af3763b7-7954-464c-8287-33c652eaced6,9174df91-bbab-4a3a-96e4-a815df880a07,2025-12-21T17:10:00,German
ed6b1db8-7576-4db1-8862-54b08d1d8ca3,f9a7e8ba-2326-4fd7-b228-98060197c4f6,92a96396-ac33-4bb2-a703-f8aa43bff351,2025-11-28T16:20:00,English
8cf63659-5639-4bb3-a840-96d9d9dd809d,2c417aef-cf61-4d18-ae06-06ba2317f36f,b385ae30-ab5d-4d1d-922b-1baee7f11e02,2025-12-26T12:00:00,Russkiy
a1b7e0ad-4c14-41bf-9538-6f972060ed14,d01b25df-fe4a-4617-b8b9-ee0c60db6556,5b670ca6-a7e4-4c56-ad9d-3cd266bbfaac,2025-12-10T23:30:00,German
206b7eef-9f75-4957-9db0-3f5272af9375,37887751-4d47-4e5c-98fd-9fa0dc90314c,c545ee76-5ce3-4683-a6f2-7918ea4b9601,2025-12-27T12:40:00,Russkiy
d7863795-21f7-4613-9e2f-3b9fd06b486a,7338dd63-a1d1-4e74-9759-cd17bae3c0d8,92a96396-ac33-4bb2-a703-f8aa43bff351,2026-01-15T23:40:00,Spanish
0467df91-59bd-4bbf-a9e8-ee74da31bcf3,0c6967ae-a4d8-4920-9d51-c7d95b61d752,92a96396-ac33-4bb2-a703-f8aa43bff351,2026-01-19T20:30:00,Italian
d3db28b9-9c14-4f99-abf8-3bca0212882c,1444ba20-39ac-43a5-bccc-1cc41c2f03b1,b385ae30-ab5d-4d1d-922b-1baee7f11e02,2025-12-04T21:50:00,Spanish
69711bde-3c3c-48e5-b3ca-4aa73bdeac44,722c5ad2-9175-4d47-9f8a-d10e496d97f8,abfab99e-fd61-4782-a907-97b297c4ca74,2026-01-18T15:30:00,German
d0ed667c-9d9b-4ae1-8ea0-b39685300266,9bc42e46-67c9-447f-be78-4ae50e491d93,5b670ca6-a7e4-4c56-ad9d-3cd266bbfaac,2026-01-20T00:20:00,Italian
14b807f4-ed1d-4c73-8c35-3f21baa81255,21bf0f34-fea3-4cb9-b9a7-94e72ffacc8a,05e81d16-559b-47bb-82e3-b8530bdbc109,2025-12-13T08:10:00,Russkiy
4d589394-2f20-4d3a-bc7f-f2e02c8a704b,47ae8c16-2d72-4c6b-8a12-3dac47db6ed7,d9130d7c-e87e-4f52-99ff-ea84234f6f29,2025-11-01T07:00:00,English
a77c0b2e-80e6-414c-b5b3-b6fd8888744e,9dae46b7-7f1a-4d67-b808-9e9c1b622d6c,92a96396-ac33-4bb2-a703-f8aa43bff351,2025-12-02T15:10:00,Italian
fca4b3d6-c25c-4ad9-9cc5-cb02b2c15fcc,b3bb325c-6f93-4946-9d94-ca835b5be056,9174df91-bbab-4a3a-96e4-a815df880a07,2026-01-21T00:20:00,Russkiy
8b0c5c1e-0d0d-46a1-a5c9-c0e2faa3d029,ac393398-9266-4f9c-8a2d-d14ae2aa114e,abfab99e-fd61-4782-a907-97b297c4ca74,2025-12-29T12:20:00,English
e8c4679d-3796-40a3-bf81-31c540a1bf85,09dc474c-41e1-47c7-bd11-8bcc61aba3cc,5b670ca6-a7e4-4c56-ad9d-3cd266bbfaac,2026-01-16T17:40:00,Italian
ca1eb091-cb4f-4402-9f53-c8c16fa6a5f9,b3bb325c-6f93-4946-9d94-ca835b5be056,05e81d16-559b-47bb-82e3-b8530bdbc109,2025-12-30T10:50:00,French
d1d187d3-0b77-4154-8057-aae6ced6f0c5,05de5279-613f-4b9e-b38d-1e4203d75c1a,f143c984-3849-40d5-a2b0-6d9ed37bc07e,2025-10-29T18:10:00,Russkiy
9e8dbce7-ab3f-405a-bdff-2cd0abc1ae67,69a62e24-d225-4d89-94b5-ae7f906b57dc,b385ae30-ab5d-4d1d-922b-1baee7f11e02,2025-11-15T10:50:00,French
222af0f1-cd45-4b7c-ba10-be6f4f4892af,f9a7e8ba-2326-4fd7-b228-98060197c4f6,05e81d16-559b-47bb-82e3-b8530bdbc109,2026-01-04T08:30:00,Italian
381d9d19-c7d6-43e3-9d35-05f6211c5019,47632200-a702-4992-9f11-020d87c3aaed,e16750c4-717c-432b-a04f-f09f675691f5,2025-12-09T20:00:00,French
fbaa7852-ec5c-44c1-8a94-d190c54d0d44,1b7592f5-0e3c-4c80-b5a2-4bd6f1157cba,05e81d16-559b-47bb-82e3-b8530bdbc109,2025-11-12T14:20:00,German
32bcc10c-1ad3-4a0a-9c25-62b8308161be,0c6967ae-a4d8-4920-9d51-c7d95b61d752,c545ee76-5ce3-4683-a6f2-7918ea4b9601,2025-10-26T22:40:00,German
e3ea2d1f-73de-4b98-9b42-3b9cd19bc60d,1b3bae68-e409-4055-a2c3-d5f42604c9b1,f143c984-3849-40d5-a2b0-6d9ed37bc07e,2025-12-18T21:20:00,Italian
19ddd26d-4b3f-479b-bef3-7ca30171243e,d3206088-b25a-455a-9323-1c8d5829b0b0,abfab99e-fd61-4782-a907-97b297c4ca74,2025-12-01T13:10:00,French
0ecc23a2-50c2-46f8-b894-40fbf798b09a,6d0ed363-2c1a-43f7-958a-0e0cb6ea3e49,e16750c4-717c-432b-a04f-f09f675691f5,2025-11-29T18:00:00,Russkiy
cd58cad6-173c-4ed4-8463-b389bfe04b2a,677a4d7a-ae9b-4bdb-a72f-67f73eba99c7,abfab99e-fd61-4782-a907-97b297c4ca74,2026-01-17T18:50:00,German
7dc998d0-d295-446f-a71d-a4cad83cc1b0,3844a965-19f9-41ec-9515-28393113f8c8,e16750c4-717c-432b-a04f-f09f675691f5,2025-11-07T17:40:00,Italian
0d181862-8243-4854-a1f1-9eb2143b5f77,afc8c392-95b3-4506-8d6c-719f96692939,5b670ca6-a7e4-4c56-ad9d-3cd266bbfaac,2025-11-16T17:40:00,English
b2e52543-712a-43ec-990b-d71386f870fc,9bc42e46-67c9-447f-be78-4ae50e491d93,f143c984-3849-40d5-a2b0-6d9ed37bc07e,2025-11-28T15:10:00,English
34675c7b-cf40-4529-8977-c54aa770f8bc,21bf0f34-fea3-4cb9-b9a7-94e72ffacc8a,05e81d16-559b-47bb-82e3-b8530bdbc109,2025-11-14T17:50:00,English
121e238c-0814-4a2f-8736-f0fc1ff955de,3c16d474-f898-4cfe-b924-7c38bea20d5c,b385ae30-ab5d-4d1d-922b-1baee7f11e02,2025-12-04T10:30:00,Spanish
5198ffeb-1a38-4773-8d28-376ff5e08c88,7c08735f-311c-4060-9637-87bee6bf9673,d9130d7c-e87e-4f52-99ff-ea84234f6f29,2025-11-22T08:30:00,Spanish
fcd7042e-c9b3-46ee-8b40-3f79ac717c47,1b3bae68-e409-4055-a2c3-d5f42604c9b1,d9130d7c-e87e-4f52-99ff-ea84234f6f29,2026-01-17T18:00:00,English
b41f5dbc-706e-49fd-adc8-75e6f67610e4,d51ce7b5-dd79-4d62-93c4-4a7cff3d22e3,abfab99e-fd61-4782-a907-97b297c4ca74,2025-11-06T18:40:00,French
453f2b02-5726-4c27-a1e5-987f41ca1398,33875037-f579-42ed-8aba-818a640c90d9,f143c984-3849-40d5-a2b0-6d9ed37bc07e,2025-12-19T23:30:00,Russkiy
aad485b3-427f-4095-9ae1-5d882593671b,2c417aef-cf61-4d18-ae06-06ba2317f36f,d9130d7c-e87e-4f52-99ff-ea84234f6f29,2025-11-03T09:50:00,French
f630fd94-f012-4930-b0db-90756c70e7e0,8ff07004-cedb-4c53-a5dd-a034c6073f8e,e16750c4-717c-432b-a04f-f09f675691f5,2025-12-04T12:00:00,Russkiy
c12e69c6-5bf3-45bf-8048-37cd3fb05bd9,6d0ed363-2c1a-43f7-958a-0e0cb6ea3e49,92a96396-ac33-4bb2-a703-f8aa43bff351,2025-12-29T15:50:00,Russkiy
17b0f857-435b-4763-95bd-dfa588d316ae,2d56957e-9087-4750-8598-9d99f1933845,e16750c4-717c-432b-a04f-f09f675691f5,2025-12-27T23:00:00,Italian
df735376-0490-4f7c-8c2a-a28d4ac9744a,d51ce7b5-dd79-4d62-93c4-4a7cff3d22e3,abfab99e-fd61-4782-a907-97b297c4ca74,2025-12-18T18:40:00,Italian
861c2c78-4720-43da-a6b4-f3b593f0e44e,6d0ed363-2c1a-43f7-958a-0e0cb6ea3e49,9174df91-bbab-4a3a-96e4-a815df880a07,2026-01-15T18:10:00,Italian
e26d83dc-c18b-488f-af0b-d2e8d837e497,34e41375-9db2-4e92-9f7d-76f36353f4e6,c545ee76-5ce3-4683-a6f2-7918ea4b9601,2025-11-21T12:30:00,Spanish
df40812f-b845-4b8e-ad76-e29a47ce36af,4edba6e8-c8d9-4fe2-a682-124b91f87604,05e81d16-559b-47bb-82e3-b8530bdbc109,2025-12-05T15:50:00,German
2aea5655-d62d-44e4-ab13-b874e4fdaed3,1b7592f5-0e3c-4c80-b5a2-4bd6f1157cba,5b670ca6-a7e4-4c56-ad9d-3cd266bbfaac,2026-01-07T09:00:00,Spanish
49b428eb-8168-45c9-b378-ec2745f1e1c9,47ae8c16-2d72-4c6b-8a12-3dac47db6ed7,b385ae30-ab5d-4d1d-922b-1baee7f11e02,2025-11-21T17:20:00,English
c9408e4f-30c1-4d02-affc-bafdbb7da91b,2d56957e-9087-4750-8598-9d99f1933845,92a96396-ac33-4bb2-a703-f8aa43bff351,2025-10-31T13:20:00,Italian
922611fc-97da-4a81-8e13-38aa5123a6f6,69a62e24-d225-4d89-94b5-ae7f906b57dc,9174df91-bbab-4a3a-96e4-a815df880a07,2025-12-03T16:00:00,Italian
6a99fa7a-ec90-4198-a64b-ec3c8791b332,708f4f48-f883-4f49-97ee-2c0a91c249de,f143c984-3849-40d5-a2b0-6d9ed37bc07e,2025-12-27T11:00:00,English
1eaa732d-2525-424d-b005-a948e1a0eceb,9dae46b7-7f1a-4d67-b808-9e9c1b622d6c,05e81d16-559b-47bb-82e3-b8530bdbc109,2025-11-08T11:20:00,English
cd3e30a2-b359-43b4-9959-e5273e4b8069,33875037-f579-42ed-8aba-818a640c90d9,c545ee76-5ce3-4683-a6f2-7918ea4b9601,2025-11-23T20:50:00,Russkiy
5f1f054f-e149-4deb-855d-c33ab3f2f277,47aa0eb4-151b-4307-b50f-cdd5a44970fd,05e81d16-559b-47bb-82e3-b8530bdbc109,2025-11-16T15:20:00,English
faff862c-f7b9-4e97-b4bd-660c80524f35,67021090-97c3-44f2-82ed-cf5f65828f38,c545ee76-5ce3-4683-a6f2-7918ea4b9601,2025-12-21T10:10:00,German
b9f9aa58-117e-4612-a4e0-f6be04d1d46a,34e41375-9db2-4e92-9f7d-76f36353f4e6,c545ee76-5ce3-4683-a6f2-7918ea4b9601,2025-11-18T08:40:00,German
705a5a66-37a0-4c28-81ad-c02459a22df5,99f8ef2d-c0e8-4290-83a6-b460677b198d,f143c984-3849-40d5-a2b0-6d9ed37bc07e,2026-01-19T21:00:00,French
7e83980e-fe03-4466-b5ce-44ef5123093b,81de516b-9d80-447a-a5f3-7f542dab2e6f,f143c984-3849-40d5-a2b0-6d9ed37bc07e,2025-11-21T17:50:00,English
1005484b-9fe5-45e4-96cb-cea238802404,9dae46b7-7f1a-4d67-b808-9e9c1b622d6c,d9130d7c-e87e-4f52-99ff-ea84234f6f29,2025-12-15T20:40:00,French
0e8149d9-ac8a-4985-9c92-93b9727162f8,47ae8c16-2d72-4c6b-8a12-3dac47db6ed7,9174df91-bbab-4a3a-96e4-a815df880a07,2025-12-31T13:00:00,French
fe634e26-29b6-4992-b229-119776dd47e5,4072477a-0e21-47ca-9a86-73f662b98398,05e81d16-559b-47bb-82e3-b8530bdbc109,2025-12-14T13:50:00,Italian
908c01c0-661a-4db9-827b-2e81c7d3f03e,1b3bae68-e409-4055-a2c3-d5f42604c9b1,abfab99e-fd61-4782-a907-97b297c4ca74,2025-11-21T21:40:00,Italian
14c9696e-8dda-44a9-9b6f-fcb65ee25aba,f9a7e8ba-2326-4fd7-b228-98060197c4f6,f143c984-3849-40d5-a2b0-6d9ed37bc07e,2025-10-23T13:50:00,Italian
899aa751-f14d-4049-b9b8-e90978e8f978,708f4f48-f883-4f49-97ee-2c0a91c249de,05e81d16-559b-47bb-82e3-b8530bdbc109,2025-11-20T23:20:00,Russkiy
d6940784-4b64-4e43-8b49-17abe2983e95,3c16d474-f898-4cfe-b924-7c38bea20d5c,05e81d16-559b-47bb-82e3-b8530bdbc109,2025-11-22T16:20:00,English
9ce92e6c-5a7a-42a1-9803-579ba5689ba2,7c01f309-b5b4-4962-843f-9698ce3ede17,92a96396-ac33-4bb2-a703-f8aa43bff351,2025-11-25T20:50:00,French
784125fc-e757-4ff9-adee-2102e86bb0d9,8ff07004-cedb-4c53-a5dd-a034c6073f8e,92a96396-ac33-4bb2-a703-f8aa43bff351,2025-12-14T13:40:00,Russkiy
74348067-a23c-4172-9f83-bb01e2428c23,0eda6729-995b-43a0-9a17-b89035543c47,92a96396-ac33-4bb2-a703-f8aa43bff351,2025-11-04T14:40:00,Spanish
5742d1cc-e605-47e4-b31f-f68a6f06b098,9b151d62-177e-4736-b8e5-6cf69170f9dc,9174df91-bbab-4a3a-96e4-a815df880a07,2025-12-01T10:30:00,French
bbc211fc-0266-476e-a6e4-6c0e4f01107c,f4fa3e26-130b-42f5-8e08-2d4f884e080d,b385ae30-ab5d-4d1d-922b-1baee7f11e02,2025-11-12T22:00:00,Russkiy
3923a79e-0ba8-4f89-844a-ec1e153170a4,77ae4c44-0946-4323-afdc-9932fc01f4c6,92a96396-ac33-4bb2-a703-f8aa43bff351,2025-12-29T13:00:00,English
7461250e-77e4-4729-a129-e99cdc401140,f9a7e8ba-2326-4fd7-b228-98060197c4f6,92a96396-ac33-4bb2-a703-f8aa43bff351,2025-11-22T12:50:00,Russkiy
362f0d20-6527-49a3-868e-9e83cdbac4eb,b51a7d8d-dbc7-426e-9013-dd2124a444bb,e16750c4-717c-432b-a04f-f09f675691f5,2025-11-28T23:30:00,Italian
36b0e319-f82d-40e8-bf11-743ec052c65b,2c417aef-cf61-4d18-ae06-06ba2317f36f,9174df91-bbab-4a3a-96e4-a815df880a07,2025-11-21T09:40:00,Russkiy
93816fdd-c4c0-4a06-a0b1-547baa45dc58,3844a965-19f9-41ec-9515-28393113f8c8,e16750c4-717c-432b-a04f-f09f675691f5,2025-11-21T23:20:00,Spanish
0db57243-d991-4893-b180-288d6982329e,5597d267-e508-4a43-8244-f8ec9fdecae4,5b670ca6-a7e4-4c56-ad9d-3cd266bbfaac,2026-01-19T00:40:00,Spanish
8fa33983-30fd-4c9d-9445-e24a6edbea15,2d56957e-9087-4750-8598-9d99f1933845,e16750c4-717c-432b-a04f-f09f675691f5,2026-01-04T23:30:00,French
9e57c0cc-1d9a-4eb3-adac-938623dd0083,5e77bfad-cca1-40e3-9460-368c94829eed,e16750c4-717c-432b-a04f-f09f675691f5,2026-01-17T09:40:00,Italian
01191651-3d03-4f2c-ac3f-f2e0e57cc30c,47aa0eb4-151b-4307-b50f-cdd5a44970fd,05e81d16-559b-47bb-82e3-b8530bdbc109,2025-12-25T00:20:00,German
b88358be-67d6-444c-946d-404dc7eaa12b,ecab2181-cb9d-42f7-b110-65986cef6204,d9130d7c-e87e-4f52-99ff-ea84234f6f29,2025-10-31T11:50:00,Spanish
4a9f2692-bbad-487d-b7f5-06133912238d,d3206088-b25a-455a-9323-1c8d5829b0b0,9174df91-bbab-4a3a-96e4-a815df880a07,2026-01-03T08:00:00,German
5dbb4404-008a-404c-8405-c0bf9f42d441,d51ce7b5-dd79-4d62-93c4-4a7cff3d22e3,05e81d16-559b-47bb-82e3-b8530bdbc109,2025-10-25T07:20:00,English
64b8b023-c7a6-453e-913b-0507dec1f2e7,0c6967ae-a4d8-4920-9d51-c7d95b61d752,c545ee76-5ce3-4683-a6f2-7918ea4b9601,2025-12-20T16:00:00,English
4d4f480e-b364-43f8-a435-29e0fbdd3f10,fd530ba8-7ae3-47c6-b384-a6b01df494cb,f143c984-3849-40d5-a2b0-6d9ed37bc07e,2025-11-24T08:20:00,French
bdae156a-369b-4eb9-85f9-1c003cdc6027,34e41375-9db2-4e92-9f7d-76f36353f4e6,05e81d16-559b-47bb-82e3-b8530bdbc109,2025-12-18T13:50:00,French
c94d9488-0c1c-450c-b286-280071d13f94,ecab2181-cb9d-42f7-b110-65986cef6204,d9130d7c-e87e-4f52-99ff-ea84234f6f29,2025-10-29T19:00:00,English
56cd99e4-2fb4-4755-9e31-25eb410fc9b7,99f8ef2d-c0e8-4290-83a6-b460677b198d,9174df91-bbab-4a3a-96e4-a815df880a07,2025-12-19T00:10:00,Italian
34f34360-fbf3-42f3-b1da-63aedaf20b22,979d4dea-2a55-46c2-a9d1-95d1bd7fab87,e16750c4-717c-432b-a04f-f09f675691f5,2025-12-02T07:30:00,Spanish
d9bbb460-0d44-4f49-8048-4bc94a0a0f79,67021090-97c3-44f2-82ed-cf5f65828f38,e16750c4-717c-432b-a04f-f09f675691f5,2025-12-22T13:00:00,Spanish
dabfc7f0-95c5-4646-8d08-562484dabfdf,d51ce7b5-dd79-4d62-93c4-4a7cff3d22e3,abfab99e-fd61-4782-a907-97b297c4ca74,2025-11-07T11:40:00,English
3723794a-f564-4d53-9734-b541874bf6ef,99f8ef2d-c0e8-4290-83a6-b460677b198d,c545ee76-5ce3-4683-a6f2-7918ea4b9601,2025-12-23T16:40:00,German
1ae3f58b-0344-4cf0-a077-4a1b0914c2b0,979d4dea-2a55-46c2-a9d1-95d1bd7fab87,d9130d7c-e87e-4f52-99ff-ea84234f6f29,2025-12-21T21:00:00,German
ffddb6ca-bbcd-424e-8b99-79c110ba53c9,4edba6e8-c8d9-4fe2-a682-124b91f87604,b385ae30-ab5d-4d1d-922b-1baee7f11e02,2026-01-08T16:50:00,English
9f04255b-60c2-43a0-a12c-da578f7fbbcb,3e78c42e-79c6-46a5-84ba-afca64de824b,b385ae30-ab5d-4d1d-922b-1baee7f11e02,2025-11-02T17:30:00,Russkiy
17dc5928-1783-42c4-95d3-915b9a8cbc78,f9a7e8ba-2326-4fd7-b228-98060197c4f6,05e81d16-559b-47bb-82e3-b8530bdbc109,2025-11-21T11:20:00,German
cfff44af-5771-4eb3-842b-7b3a02734c56,f4fa3e26-130b-42f5-8e08-2d4f884e080d,e16750c4-717c-432b-a04f-f09f675691f5,2025-12-19T11:30:00,German
c7d39b9b-cecd-414e-b8a6-71010bb10a47,09dc474c-41e1-47c7-bd11-8bcc61aba3cc,05e81d16-559b-47bb-82e3-b8530bdbc109,2025-12-08T23:40:00,English
6b902cb5-6a0d-46fa-a27d-57c43c73085f,e994bf32-d050-4e52-b334-5b6074b2a959,b385ae30-ab5d-4d1d-922b-1baee7f11e02,2025-12-10T20:40:00,Italian
bee120a1-8c64-4148-ab79-865ffc0b06eb,77ae4c44-0946-4323-afdc-9932fc01f4c6,d9130d7c-e87e-4f52-99ff-ea84234f6f29,2026-01-13T10:30:00,Spanish
5d24e1f5-a78b-4343-86be-7b249e8483f2,99f6f5c3-1cb9-4fe1-ab1a-aa9c1d16dbd0,c545ee76-5ce3-4683-a6f2-7918ea4b9601,2026-01-09T08:20:00,Spanish
7b41e5a1-4ff1-4022-871b-b0b003fa0726,ebaef81b-0f73-4e06-bb20-5ef173be29af,05e81d16-559b-47bb-82e3-b8530bdbc109,2025-12-02T20:20:00,English
a3a1156b-ea13-4aa2-9a2b-6383fc35c985,009bae3f-9085-415e-81bf-b86503fa9115,c545ee76-5ce3-4683-a6f2-7918ea4b9601,2025-12-07T16:50:00,Russkiy
116856fd-e9e4-4b89-ad97-4e67f327e345,3ea805cf-d96a-4098-9682-f85f57267e43,abfab99e-fd61-4782-a907-97b297c4ca74,2025-11-03T00:50:00,Russkiy
7cb6428e-aa42-41a3-90de-9f1db7833eee,d3206088-b25a-455a-9323-1c8d5829b0b0,92a96396-ac33-4bb2-a703-f8aa43bff351,2026-01-17T11:50:00,Spanish
1f535532-007c-4d55-9660-571d16b6aaf4,0db8d5e2-1888-4d9f-a451-2f6e2a3e0f7d,9174df91-bbab-4a3a-96e4-a815df880a07,2025-10-31T14:50:00,Italian
aadf52b8-5530-4d4a-b679-51437a34807e,1f2f5550-69ee-4ec3-82d2-d6cf2d0fc05c,5b670ca6-a7e4-4c56-ad9d-3cd266bbfaac,2025-12-20T15:10:00,French
d8cc8a6e-de32-47eb-ad8a-d2ecb9203084,47aa0eb4-151b-4307-b50f-cdd5a44970fd,c545ee76-5ce3-4683-a6f2-7918ea4b9601,2026-01-19T22:00:00,Italian
29b07fb9-40d4-42cf-8ad8-513d510290fa,ccda4639-3814-4892-99ea-7aa00cd42d49,5b670ca6-a7e4-4c56-ad9d-3cd266bbfaac,2025-10-24T07:30:00,English
3ae8690a-23d8-4fcd-a876-9f415df6ad72,81de516b-9d80-447a-a5f3-7f542dab2e6f,b385ae30-ab5d-4d1d-922b-1baee7f11e02,2026-01-10T14:00:00,Russkiy
7c62aae6-e2f9-4cc6-ab3d-f4fbdcaae0a1,afc8c392-95b3-4506-8d6c-719f96692939,abfab99e-fd61-4782-a907-97b297c4ca74,2025-11-12T20:10:00,French
7261b202-92d8-4455-b34e-e8bb1720b8fb,ebaef81b-0f73-4e06-bb20-5ef173be29af,d9130d7c-e87e-4f52-99ff-ea84234f6f29,2025-11-12T00:40:00,Spanish
44b96713-084c-408a-99d4-06ffa8bb0476,d51ce7b5-dd79-4d62-93c4-4a7cff3d22e3,e16750c4-717c-432b-a04f-f09f675691f5,2025-12-19T15:40:00,German
dcfba770-759a-4cd3-8705-1d07f38a6a5e,08c2602d-87d3-4851-b7fb-2bad244b5357,b385ae30-ab5d-4d1d-922b-1baee7f11e02,2026-01-08T12:10:00,German
9940fda3-0266-45f6-b2c5-6cad053aaacd,5597d267-e508-4a43-8244-f8ec9fdecae4,e16750c4-717c-432b-a04f-f09f675691f5,2026-01-14T23:00:00,Italian
e91308f3-80c2-4d40-acac-ce2bff1e85e7,99f8ef2d-c0e8-4290-83a6-b460677b198d,e16750c4-717c-432b-a04f-f09f675691f5,2026-01-12T16:00:00,Spanish
6964db76-5fe1-459b-8cbb-7aae201d2911,f4fa3e26-130b-42f5-8e08-2d4f884e080d,05e81d16-559b-47bb-82e3-b8530bdbc109,2025-11-09T17:50:00,French
0d3b6526-8ab3-468e-9dba-6803657332e8,6d0ed363-2c1a-43f7-958a-0e0cb6ea3e49,c545ee76-5ce3-4683-a6f2-7918ea4b9601,2025-12-13T19:10:00,Spanish
62bce618-0a79-49fb-b5ed-2c417e459a8b,b3bb325c-6f93-4946-9d94-ca835b5be056,5b670ca6-a7e4-4c56-ad9d-3cd266bbfaac,2025-11-07T17:00:00,German
01761751-8a9e-438f-96e5-31f3459ff2cd,fd530ba8-7ae3-47c6-b384-a6b01df494cb,9174df91-bbab-4a3a-96e4-a815df880a07,2025-10-23T21:00:00,Spanish
2c5f73ce-8a2c-475f-be18-f31f2ba421b1,f4fa3e26-130b-42f5-8e08-2d4f884e080d,9174df91-bbab-4a3a-96e4-a815df880a07,2025-11-16T07:20:00,Spanish
be0a655f-49e9-4231-b93d-475efc3a253b,99f8ef2d-c0e8-4290-83a6-b460677b198d,92a96396-ac33-4bb2-a703-f8aa43bff351,2025-11-29T07:10:00,English
6a3857c3-b113-4796-8e82-12381202b4df,2fd567ca-8efe-4948-bebd-a1a56f976d42,05e81d16-559b-47bb-82e3-b8530bdbc109,2025-11-25T19:30:00,Russkiy
29e113b9-8498-445f-b5c4-9e8674da58f2,e994bf32-d050-4e52-b334-5b6074b2a959,e16750c4-717c-432b-a04f-f09f675691f5,2025-10-24T17:20:00,Italian
23aa3816-d6e4-4ed3-82c7-69e4e7da73e2,67021090-97c3-44f2-82ed-cf5f65828f38,f143c984-3849-40d5-a2b0-6d9ed37bc07e,2025-11-06T16:30:00,English
7e627290-1188-4ec9-8e6e-2ef8221610d6,3e78c42e-79c6-46a5-84ba-afca64de824b,5b670ca6-a7e4-4c56-ad9d-3cd266bbfaac,2025-12-29T10:50:00,German
7419bd3c-099f-4151-a346-9bed8beafab6,722c5ad2-9175-4d47-9f8a-d10e496d97f8,5b670ca6-a7e4-4c56-ad9d-3cd266bbfaac,2025-11-12T12:50:00,Italian
41701760-d4c5-472c-b242-a7236f1557e1,e9774607-8354-4ac8-adcf-f72a1716c51b,b385ae30-ab5d-4d1d-922b-1baee7f11e02,2026-01-02T00:50:00,French
1e093a84-71d2-4ac2-b459-9e2bd890b32c,1b3bae68-e409-4055-a2c3-d5f42604c9b1,c545ee76-5ce3-4683-a6f2-7918ea4b9601,2025-12-25T13:40:00,German
fd387a70-c7b0-4f16-8635-b7224ea20996,cb55c939-b208-4183-9cac-dc086cdad4ea,b385ae30-ab5d-4d1d-922b-1baee7f11e02,2025-12-15T15:00:00,German
64993707-9e32-4b73-aa78-e30a2c5ac829,0c6967ae-a4d8-4920-9d51-c7d95b61d752,d9130d7c-e87e-4f52-99ff-ea84234f6f29,2025-12-16T15:00:00,Russkiy
fb2255a5-a429-4fd0-adbc-429c5fadc8a8,1b7592f5-0e3c-4c80-b5a2-4bd6f1157cba,05e81d16-559b-47bb-82e3-b8530bdbc109,2025-11-26T22:30:00,English
33c55864-4348-4fcd-9c9a-ad7be06e398c,47aa0eb4-151b-4307-b50f-cdd5a44970fd,b385ae30-ab5d-4d1d-922b-1baee7f11e02,2025-11-03T11:20:00,Russkiy
2dcc7677-603a-475d-b10c-798e96796d73,37887751-4d47-4e5c-98fd-9fa0dc90314c,b385ae30-ab5d-4d1d-922b-1baee7f11e02,2025-11-23T21:30:00,French
79cfb1f3-a902-4bd9-962a-1a0f8bd6494c,1b7592f5-0e3c-4c80-b5a2-4bd6f1157cba,c545ee76-5ce3-4683-a6f2-7918ea4b9601,2026-01-11T20:40:00,Spanish
d2884ea7-f14c-47c0-ae6e-61b72a185307,dac8e4dd-9f17-46ef-9865-5e025b74bf9a,abfab99e-fd61-4782-a907-97b297c4ca74,2025-12-11T13:30:00,Russkiy
40532ee9-639b-4bfe-8f0a-d3cd05bbfc2b,3ea805cf-d96a-4098-9682-f85f57267e43,b385ae30-ab5d-4d1d-922b-1baee7f11e02,2025-10-27T08:40:00,French
b5e317c8-e7fa-4590-8888-18db29400a6e,dac8e4dd-9f17-46ef-9865-5e025b74bf9a,05e81d16-559b-47bb-82e3-b8530bdbc109,2025-12-13T17:40:00,German
799310e6-bcef-4085-940e-246c7bb43ec7,23855b90-cb3b-4533-a756-bab9bb81426e,9174df91-bbab-4a3a-96e4-a815df880a07,2026-01-18T12:50:00,Spanish
3630b1f7-91ab-4158-ab35-027d7ea68bcb,708f4f48-f883-4f49-97ee-2c0a91c249de,5b670ca6-a7e4-4c56-ad9d-3cd266bbfaac,2025-11-29T08:40:00,French
0f1700fe-3567-4246-b683-2e89169d1ed6,1aa28ea9-5df1-4ce1-a2db-7524bfcfd4ee,9174df91-bbab-4a3a-96e4-a815df880a07,2025-11-12T10:00:00,German
1a8e7ee7-fc06-4a7c-a4da-229cf96b1531,3ea805cf-d96a-4098-9682-f85f57267e43,c545ee76-5ce3-4683-a6f2-7918ea4b9601,2025-11-14T23:40:00,German
4303aab4-48d5-4da6-b60a-1147978e1d75,7c08735f-311c-4060-9637-87bee6bf9673,c545ee76-5ce3-4683-a6f2-7918ea4b9601,2025-12-01T13:00:00,French
06e9c98f-4a2f-47b8-8d94-80c50390faf1,b51a7d8d-dbc7-426e-9013-dd2124a444bb,d9130d7c-e87e-4f52-99ff-ea84234f6f29,2025-11-13T14:50:00,French
24d63507-ee9e-4634-bfb6-b1ce71b2ba22,c3820118-4994-4049-8719-6d71466870fe,b385ae30-ab5d-4d1d-922b-1baee7f11e02,2025-11-05T16:10:00,German
18f862f4-2ed7-4ec0-b37c-c508bd96bedb,e9774607-8354-4ac8-adcf-f72a1716c51b,92a96396-ac33-4bb2-a703-f8aa43bff351,2026-01-11T13:40:00,Russkiy
a61aa635-6524-4e98-8444-fb0a447f5437,ccda4639-3814-4892-99ea-7aa00cd42d49,abfab99e-fd61-4782-a907-97b297c4ca74,2025-11-14T19:00:00,Russkiy
bd416005-6bc4-48a5-bca4-3b0c582dafd1,ebaef81b-0f73-4e06-bb20-5ef173be29af,c545ee76-5ce3-4683-a6f2-7918ea4b9601,2026-01-21T20:40:00,French
d05beccb-5fb0-4ab2-a307-ce3db3920ff0,81d5edb0-d9b4-4d01-968c-8eda5f5b6a03,f143c984-3849-40d5-a2b0-6d9ed37bc07e,2025-11-25T09:30:00,Russkiy
b5ccfd10-3a2d-4679-b5c3-67fc05ca1689,5fb1457b-691f-48fd-aeca-0103d0a88833,5b670ca6-a7e4-4c56-ad9d-3cd266bbfaac,2025-11-23T08:00:00,French
6b55d590-833d-47c0-be77-f693f44071a9,aa451009-5df5-4e3e-bce7-7ad1ac26b289,b385ae30-ab5d-4d1d-922b-1baee7f11e02,2025-12-17T12:20:00,Russkiy
b50dc810-5951-484e-ba0a-bb57e034db3d,8ff07004-cedb-4c53-a5dd-a034c6073f8e,5b670ca6-a7e4-4c56-ad9d-3cd266bbfaac,2025-11-23T17:00:00,Russkiy
d2d061be-4e44-4363-9a1a-09e8d24b6214,8a99736e-dad6-489d-aa46-0ee02356e5fe,5b670ca6-a7e4-4c56-ad9d-3cd266bbfaac,2025-11-12T22:20:00,German
6928e2c6-c9e5-406d-a1b9-81d4b4de47ce,9c0da375-3d5a-4608-b8c7-9e36139d6c33,c545ee76-5ce3-4683-a6f2-7918ea4b9601,2025-12-12T15:30:00,Russkiy
8cf71a55-2166-470c-80dc-5454beefe876,3ea805cf-d96a-4098-9682-f85f57267e43,9174df91-bbab-4a3a-96e4-a815df880a07,2025-11-08T12:20:00,Russkiy
0ca555d2-2416-4429-ab2d-c7f520d1e83c,f58f62f8-c6cd-4d19-adce-d4d1da14b149,b385ae30-ab5d-4d1d-922b-1baee7f11e02,2025-11-22T11:10:00,German
178c0df9-fbe2-4596-b730-18ffe9f15bf8,08c2602d-87d3-4851-b7fb-2bad244b5357,05e81d16-559b-47bb-82e3-b8530bdbc109,2025-11-19T00:00:00,Russkiy
2e03b8c4-7524-46c2-9018-20c6a931b15e,425035ef-0093-422c-a760-2740c95f4457,e16750c4-717c-432b-a04f-f09f675691f5,2026-01-02T10:30:00,Spanish
134be6d8-ee68-411c-96b1-bc2339a7866d,9b151d62-177e-4736-b8e5-6cf69170f9dc,d9130d7c-e87e-4f52-99ff-ea84234f6f29,2025-12-23T15:00:00,English
f6f2de86-252c-454a-8300-24ee94902d54,e994bf32-d050-4e52-b334-5b6074b2a959,92a96396-ac33-4bb2-a703-f8aa43bff351,2026-01-14T09:40:00,English
1b24a736-dbb2-4f51-baf5-2aedbff6fa0c,74429405-c801-4e71-87cd-1d726e8cd8f7,9174df91-bbab-4a3a-96e4-a815df880a07,2025-10-23T18:00:00,German
7e8901a3-b263-4544-8f9d-705a1d5c27eb,fd530ba8-7ae3-47c6-b384-a6b01df494cb,abfab99e-fd61-4782-a907-97b297c4ca74,2026-01-15T09:40:00,English
1b275e5b-e3b6-49df-a56a-9e1e00eaadb4,9c0da375-3d5a-4608-b8c7-9e36139d6c33,f143c984-3849-40d5-a2b0-6d9ed37bc07e,2025-11-10T10:30:00,English
a47169db-8aca-4eb5-9028-7474c98b07e6,3ea805cf-d96a-4098-9682-f85f57267e43,9174df91-bbab-4a3a-96e4-a815df880a07,2025-12-05T12:20:00,German
08e0c15e-5d4f-4daa-822d-83ef62cecea2,6d0ed363-2c1a-43f7-958a-0e0cb6ea3e49,05e81d16-559b-47bb-82e3-b8530bdbc109,2025-10-23T22:20:00,French
e64dfe84-11bf-4a68-a74b-d706906eea41,3c16d474-f898-4cfe-b924-7c38bea20d5c,abfab99e-fd61-4782-a907-97b297c4ca74,2025-12-09T11:20:00,German
b16e26a9-8fdf-4324-86f5-fce4d6e1b5c5,af3763b7-7954-464c-8287-33c652eaced6,5b670ca6-a7e4-4c56-ad9d-3cd266bbfaac,2025-12-13T10:40:00,Russkiy
c8279a54-677e-4620-998e-a558e2295872,67021090-97c3-44f2-82ed-cf5f65828f38,c545ee76-5ce3-4683-a6f2-7918ea4b9601,2025-11-27T20:40:00,Italian
1605c2f3-07df-4a9c-81be-1cb337077c20,3844a965-19f9-41ec-9515-28393113f8c8,f143c984-3849-40d5-a2b0-6d9ed37bc07e,2025-11-29T09:30:00,French
b55d73f2-8c14-4c5c-93bb-e3f0fa1a0d87,af3763b7-7954-464c-8287-33c652eaced6,5b670ca6-a7e4-4c56-ad9d-3cd266bbfaac,2025-12-29T17:00:00,Italian
040815bb-65be-498d-bbcf-c4606765ed4c,d01b25df-fe4a-4617-b8b9-ee0c60db6556,05e81d16-559b-47bb-82e3-b8530bdbc109,2025-10-27T22:30:00,French
5b4687ca-6265-409b-9588-73fc80337725,74429405-c801-4e71-87cd-1d726e8cd8f7,abfab99e-fd61-4782-a907-97b297c4ca74,2025-10-30T16:30:00,English
ef703c79-3516-451b-9ba8-81272f779ed8,7c01f309-b5b4-4962-843f-9698ce3ede17,c545ee76-5ce3-4683-a6f2-7918ea4b9601,2025-11-12T20:30:00,English
249a56a4-cd25-4b6f-8123-f48c6ad40b3d,d01b25df-fe4a-4617-b8b9-ee0c60db6556,05e81d16-559b-47bb-82e3-b8530bdbc109,2025-11-10T11:50:00,German
9e9f7926-8ecf-461a-a53c-edf7c7f3390f,c3820118-4994-4049-8719-6d71466870fe,d9130d7c-e87e-4f52-99ff-ea84234f6f29,2025-11-18T22:00:00,Italian
316f8ca9-9af9-4a1a-9196-263c4d89911b,81d5edb0-d9b4-4d01-968c-8eda5f5b6a03,92a96396-ac33-4bb2-a703-f8aa43bff351,2025-12-09T08:50:00,Russkiy
a546446c-9fa5-4cda-9f5a-70ee1254d9e9,09dc474c-41e1-47c7-bd11-8bcc61aba3cc,f143c984-3849-40d5-a2b0-6d9ed37bc07e,2025-10-25T11:20:00,Italian
4ede7b1d-6211-4d78-b869-38f45e72bcce,67021090-97c3-44f2-82ed-cf5f65828f38,e16750c4-717c-432b-a04f-f09f675691f5,2026-01-19T23:00:00,Italian
0b00ab5f-ea87-470e-80ba-d006e329e342,e52406b3-6af5-42dc-a087-fe3f73c2cb30,abfab99e-fd61-4782-a907-97b297c4ca74,2026-01-06T09:10:00,Russkiy
f2b213a9-16c4-4669-bc34-fc3f9b4b9225,81de516b-9d80-447a-a5f3-7f542dab2e6f,f143c984-3849-40d5-a2b0-6d9ed37bc07e,2025-11-20T09:30:00,German
7c16d27a-fd5b-4a11-a479-0b4ddef2b3bd,33875037-f579-42ed-8aba-818a640c90d9,d9130d7c-e87e-4f52-99ff-ea84234f6f29,2025-11-06T23:50:00,Russkiy
c871c36e-6c04-459a-b69a-615c84173481,09876245-335b-4ddd-bdbf-a33e23abc2fb,5b670ca6-a7e4-4c56-ad9d-3cd266bbfaac,2026-01-13T14:00:00,Spanish
6fe01ba9-4318-4199-af86-0150d22a4fb9,0c6967ae-a4d8-4920-9d51-c7d95b61d752,b385ae30-ab5d-4d1d-922b-1baee7f11e02,2025-11-25T18:00:00,Italian
4bd26b58-97e9-4d78-a9eb-cab6cad2b12b,9dae46b7-7f1a-4d67-b808-9e9c1b622d6c,b385ae30-ab5d-4d1d-922b-1baee7f11e02,2025-11-06T17:40:00,Spanish
7bb0ddcd-d648-4df3-8857-1eca73a225b0,7338dd63-a1d1-4e74-9759-cd17bae3c0d8,9174df91-bbab-4a3a-96e4-a815df880a07,2026-01-16T21:40:00,English
6254cc8e-2c14-4510-ae36-6119e2e3515a,ccda4639-3814-4892-99ea-7aa00cd42d49,e16750c4-717c-432b-a04f-f09f675691f5,2025-11-23T00:30:00,Russkiy
7433da3e-e0d3-4770-8a58-19f26c8c3dc4,1b3bae68-e409-4055-a2c3-d5f42604c9b1,05e81d16-559b-47bb-82e3-b8530bdbc109,2025-11-06T18:00:00,French
e6d09c88-9da3-4299-926e-1fc2056b6731,21bf0f34-fea3-4cb9-b9a7-94e72ffacc8a,c545ee76-5ce3-4683-a6f2-7918ea4b9601,2025-11-09T19:40:00,Italian
e3f13a3d-d065-49eb-8de9-c1e105fe1f0a,a3128f74-4fcf-4cae-b2db-d585516780d1,92a96396-ac33-4bb2-a703-f8aa43bff351,2026-01-11T21:50:00,French
dab8fef4-75b0-40ba-b630-69ae9f39d9b4,9bc42e46-67c9-447f-be78-4ae50e491d93,05e81d16-559b-47bb-82e3-b8530bdbc109,2025-12-03T23:40:00,English
8a94fb4d-4005-434b-9d1a-a6a0512fbf43,9dae46b7-7f1a-4d67-b808-9e9c1b622d6c,f143c984-3849-40d5-a2b0-6d9ed37bc07e,2025-12-13T18:40:00,Spanish
606dade7-c142-45f0-b5aa-f9184cdb4167,1aa28ea9-5df1-4ce1-a2db-7524bfcfd4ee,5b670ca6-a7e4-4c56-ad9d-3cd266bbfaac,2025-12-17T11:10:00,Italian
5e722d02-698f-433d-b0a1-521f903069fa,f9a7e8ba-2326-4fd7-b228-98060197c4f6,05e81d16-559b-47bb-82e3-b8530bdbc109,2026-01-08T09:00:00,Russkiy
802151a4-3c50-47ff-876d-79bcc2ad42b9,afc8c392-95b3-4506-8d6c-719f96692939,e16750c4-717c-432b-a04f-f09f675691f5,2026-01-19T19:30:00,English
5207567f-7081-436f-aa5c-1f6f766f210c,7c01f309-b5b4-4962-843f-9698ce3ede17,92a96396-ac33-4bb2-a703-f8aa43bff351,2025-12-30T07:00:00,German
7e06038e-b9a8-4bd6-94c5-613aa2f6aed1,0db8d5e2-1888-4d9f-a451-2f6e2a3e0f7d,05e81d16-559b-47bb-82e3-b8530bdbc109,2025-11-23T23:00:00,Russkiy
5bd56d4d-9f55-4774-bdf2-729ade5f73dd,1afd4484-49c1-4870-b60c-c754c4ce04d0,b385ae30-ab5d-4d1d-922b-1baee7f11e02,2025-11-09T11:50:00,Spanish
fc4c04d7-eec9-4afc-9cbc-84552ab481f5,1b3bae68-e409-4055-a2c3-d5f42604c9b1,f143c984-3849-40d5-a2b0-6d9ed37bc07e,2025-10-28T15:30:00,French
c5b434d9-5360-436e-80c4-ee4f69ae5589,fd530ba8-7ae3-47c6-b384-a6b01df494cb,5b670ca6-a7e4-4c56-ad9d-3cd266bbfaac,2026-01-02T20:20:00,Spanish
411bf7e7-ccc3-42e3-b73b-2a590e6b6fea,2fd567ca-8efe-4948-bebd-a1a56f976d42,f143c984-3849-40d5-a2b0-6d9ed37bc07e,2025-11-14T13:00:00,Spanish
be0413c7-fd64-4b83-91e5-3a5b7dad680e,af3763b7-7954-464c-8287-33c652eaced6,9174df91-bbab-4a3a-96e4-a815df880a07,2026-01-06T21:00:00,Spanish
55efc16d-8c05-486b-8de8-e98a2dc2416a,5e77bfad-cca1-40e3-9460-368c94829eed,92a96396-ac33-4bb2-a703-f8aa43bff351,2025-11-29T17:40:00,German
43728650-c6fc-4456-88cd-bb6fa6925e46,2d56957e-9087-4750-8598-9d99f1933845,abfab99e-fd61-4782-a907-97b297c4ca74,2025-11-24T23:40:00,English
0d73bcff-42d5-4d72-a9c1-58b74fc01461,33b5c78e-cad2-4331-b9b9-a38ef8954dec,c545ee76-5ce3-4683-a6f2-7918ea4b9601,2025-11-15T15:10:00,German
4cc387b3-20c4-490e-90aa-fa62673a686c,7338dd63-a1d1-4e74-9759-cd17bae3c0d8,05e81d16-559b-47bb-82e3-b8530bdbc109,2025-11-24T22:20:00,Spanish
6ee8a688-bb15-46b5-ac97-db92b8397793,708f4f48-f883-4f49-97ee-2c0a91c249de,c545ee76-5ce3-4683-a6f2-7918ea4b9601,2026-01-14T11:50:00,French
e0d93d9b-50bf-46de-9a52-f991a9f7defa,e9774607-8354-4ac8-adcf-f72a1716c51b,c545ee76-5ce3-4683-a6f2-7918ea4b9601,2026-01-02T11:00:00,German
355c194f-f60a-47dc-82ae-457f7d166b0d,dac8e4dd-9f17-46ef-9865-5e025b74bf9a,abfab99e-fd61-4782-a907-97b297c4ca74,2025-12-27T15:50:00,German
64d10556-e44f-400e-8ec6-c44422f69494,3ea805cf-d96a-4098-9682-f85f57267e43,05e81d16-559b-47bb-82e3-b8530bdbc109,2025-11-08T16:10:00,German
006b1f7d-3c9f-4499-afdf-880d6f80682b,47632200-a702-4992-9f11-020d87c3aaed,05e81d16-559b-47bb-82e3-b8530bdbc109,2026-01-13T16:00:00,Russkiy
3b91ddd3-29ea-4a12-954d-dc0e3c239957,ebaef81b-0f73-4e06-bb20-5ef173be29af,b385ae30-ab5d-4d1d-922b-1baee7f11e02,2025-12-19T08:00:00,French
05797e46-3132-4f0d-aed3-977a636bae77,f9a7e8ba-2326-4fd7-b228-98060197c4f6,c545ee76-5ce3-4683-a6f2-7918ea4b9601,2026-01-10T12:30:00,French
1d297a43-ffed-4b99-a005-210b6212d10a,f4fa3e26-130b-42f5-8e08-2d4f884e080d,92a96396-ac33-4bb2-a703-f8aa43bff351,2025-11-03T09:10:00,Italian
b0a28c26-a55c-4624-994c-e9b3ea4f2479,23855b90-cb3b-4533-a756-bab9bb81426e,05e81d16-559b-47bb-82e3-b8530bdbc109,2025-12-14T08:50:00,German
e853557b-1ff3-4539-8afc-09e8a1f3559c,f4fa3e26-130b-42f5-8e08-2d4f884e080d,abfab99e-fd61-4782-a907-97b297c4ca74,2025-12-17T21:00:00,Russkiy
d56c6bc3-8b2b-4406-b0c1-fae15c6ee120,009bae3f-9085-415e-81bf-b86503fa9115,9174df91-bbab-4a3a-96e4-a815df880a07,2026-01-05T23:10:00,English
ed7c94c5-c897-494b-9dc6-cb47e652a3fe,85bbf311-5929-482a-a259-21f783c36c59,abfab99e-fd61-4782-a907-97b297c4ca74,2025-12-31T08:40:00,German
757152e6-668b-499b-b1a5-f4f73f88e5cd,9b151d62-177e-4736-b8e5-6cf69170f9dc,c545ee76-5ce3-4683-a6f2-7918ea4b9601,2025-11-02T20:00:00,Russkiy
beff4ce1-1d4b-4a79-9fc2-eb73e5c8da71,1b3bae68-e409-4055-a2c3-d5f42604c9b1,5b670ca6-a7e4-4c56-ad9d-3cd266bbfaac,2025-10-31T23:20:00,German
a7046cd3-6f7b-4433-85db-64dfda36e213,d01b25df-fe4a-4617-b8b9-ee0c60db6556,9174df91-bbab-4a3a-96e4-a815df880a07,2026-01-10T10:50:00,Italian
02ec0889-2ed1-4390-93a0-95a5c1644e3b,33b5c78e-cad2-4331-b9b9-a38ef8954dec,e16750c4-717c-432b-a04f-f09f675691f5,2025-11-03T18:20:00,Spanish
4ef7a9cc-be32-4f90-a8d0-b5d6384207e1,81de516b-9d80-447a-a5f3-7f542dab2e6f,c545ee76-5ce3-4683-a6f2-7918ea4b9601,2025-11-26T08:10:00,Russkiy
a636f967-7ee1-4609-9a66-d62ed9879e8b,4edba6e8-c8d9-4fe2-a682-124b91f87604,abfab99e-fd61-4782-a907-97b297c4ca74,2025-11-23T09:00:00,Italian
99a24c60-ffae-4b46-82ac-d4a3f19c545e,2c417aef-cf61-4d18-ae06-06ba2317f36f,b385ae30-ab5d-4d1d-922b-1baee7f11e02,2025-11-18T16:50:00,Italian
d7b44497-cf17-4da5-a5ac-29a4b3d6b7eb,009bae3f-9085-415e-81bf-b86503fa9115,c545ee76-5ce3-4683-a6f2-7918ea4b9601,2025-12-18T07:30:00,French
3147eb6f-5eda-4248-812d-7bc52e22e55f,d9b9480a-a1e4-49d4-b8b5-a28a761924b7,05e81d16-559b-47bb-82e3-b8530bdbc109,2025-12-23T13:20:00,Spanish
3d38ca8c-06ce-4eca-945a-4e508a262869,77ae4c44-0946-4323-afdc-9932fc01f4c6,9174df91-bbab-4a3a-96e4-a815df880a07,2026-01-19T13:40:00,Spanish
8f562c35-65ab-417c-a593-93de5b96c2ba,69a62e24-d225-4d89-94b5-ae7f906b57dc,d9130d7c-e87e-4f52-99ff-ea84234f6f29,2025-11-30T15:30:00,English
3574152d-e8cc-47ff-9080-dbdd66715031,9c0da375-3d5a-4608-b8c7-9e36139d6c33,92a96396-ac33-4bb2-a703-f8aa43bff351,2026-01-20T00:20:00,Russkiy
1d130805-ee2d-420c-a544-955ed60a06f7,1afd4484-49c1-4870-b60c-c754c4ce04d0,c545ee76-5ce3-4683-a6f2-7918ea4b9601,2025-11-04T00:40:00,Russkiy
a6492492-a122-44ff-b891-ed4c5e96ff14,85bbf311-5929-482a-a259-21f783c36c59,abfab99e-fd61-4782-a907-97b297c4ca74,2026-01-16T16:50:00,Spanish
bda072cf-8bc7-41b4-8da7-bd168f6a7b50,08c2602d-87d3-4851-b7fb-2bad244b5357,c545ee76-5ce3-4683-a6f2-7918ea4b9601,2026-01-01T13:30:00,French
d46dd0e9-5a7d-41a1-8adb-74ea02718571,0eda6729-995b-43a0-9a17-b89035543c47,e16750c4-717c-432b-a04f-f09f675691f5,2025-10-30T18:20:00,Spanish
34b21ca2-5653-428b-9e50-f7ac20e02faf,33b5c78e-cad2-4331-b9b9-a38ef8954dec,c545ee76-5ce3-4683-a6f2-7918ea4b9601,2025-12-06T09:00:00,Russkiy
9d846903-1b3a-42ef-8a6c-771da365a0ba,62531f1e-00a6-4fce-ab03-320c8c0852e8,c545ee76-5ce3-4683-a6f2-7918ea4b9601,2026-01-14T22:10:00,Italian
bbedaefe-eb96-468e-811d-7c7eaff65b19,f9a7e8ba-2326-4fd7-b228-98060197c4f6,abfab99e-fd61-4782-a907-97b297c4ca74,2025-12-12T19:40:00,Russkiy
ba3d362d-96a3-4ee3-910e-0eb53da53954,5fb1457b-691f-48fd-aeca-0103d0a88833,05e81d16-559b-47bb-82e3-b8530bdbc109,2025-11-04T15:10:00,English
ffe9806a-e61f-4b75-89a6-a929cc6a4e2d,f58f62f8-c6cd-4d19-adce-d4d1da14b149,9174df91-bbab-4a3a-96e4-a815df880a07,2026-01-12T10:10:00,Italian
e38b0a13-014e-44c1-90ed-006291acd276,05de5279-613f-4b9e-b38d-1e4203d75c1a,d9130d7c-e87e-4f52-99ff-ea84234f6f29,2025-11-11T13:20:00,Spanish
91b54f8b-0fd9-42df-8bbf-71d8ef67e4f2,81de516b-9d80-447a-a5f3-7f542dab2e6f,5b670ca6-a7e4-4c56-ad9d-3cd266bbfaac,2025-11-08T17:40:00,Spanish
6c562c46-fc2e-446f-85ac-0ef7396ede70,4ad5c73a-5c99-4e98-9d90-0e03b0986909,5b670ca6-a7e4-4c56-ad9d-3cd266bbfaac,2025-12-07T07:40:00,French
b597ade8-a2a3-438b-8084-8ae02c22479a,74429405-c801-4e71-87cd-1d726e8cd8f7,abfab99e-fd61-4782-a907-97b297c4ca74,2025-11-12T10:10:00,Russkiy
3d822391-dda2-4bd6-8381-c8ab17e265af,6358f21d-d22d-4f6c-b15e-7a1b7ba90800,e16750c4-717c-432b-a04f-f09f675691f5,2025-12-25T20:30:00,Spanish
9b3c98fa-e2b6-4d26-b33d-16a4ea67c6ca,502dde18-86e1-4b5c-88c2-8010d067ede7,d9130d7c-e87e-4f52-99ff-ea84234f6f29,2025-11-27T11:10:00,German
28a9763e-16da-47ca-a7d2-ef24996eb185,4ad5c73a-5c99-4e98-9d90-0e03b0986909,05e81d16-559b-47bb-82e3-b8530bdbc109,2025-12-31T19:00:00,Russkiy
6fe9a76d-ef4b-4c55-8e30-8ae80c3db939,ebaef81b-0f73-4e06-bb20-5ef173be29af,f143c984-3849-40d5-a2b0-6d9ed37bc07e,2025-12-12T16:50:00,German
33c4deb3-ba75-4cf8-871c-681918ebb143,3844a965-19f9-41ec-9515-28393113f8c8,f143c984-3849-40d5-a2b0-6d9ed37bc07e,2025-11-29T19:20:00,French
0e53ee2f-f62a-41d2-8012-98888a6edfaa,f58f62f8-c6cd-4d19-adce-d4d1da14b149,d9130d7c-e87e-4f52-99ff-ea84234f6f29,2025-11-25T23:10:00,Italian
d23faf55-03c8-4340-8a7a-ddb678f988b7,47632200-a702-4992-9f11-020d87c3aaed,c545ee76-5ce3-4683-a6f2-7918ea4b9601,2026-01-01T21:50:00,Russkiy
876a437a-1362-49e7-ad89-6e19c935f0fe,0db8d5e2-1888-4d9f-a451-2f6e2a3e0f7d,abfab99e-fd61-4782-a907-97b297c4ca74,2025-11-09T17:20:00,Russkiy
ba972f29-43b3-49d6-ba81-ea891f79996f,9b151d62-177e-4736-b8e5-6cf69170f9dc,c545ee76-5ce3-4683-a6f2-7918ea4b9601,2025-12-29T08:10:00,Russkiy
63aa67f7-5beb-46d9-a89e-387bace9bd18,8ff07004-cedb-4c53-a5dd-a034c6073f8e,abfab99e-fd61-4782-a907-97b297c4ca74,2025-11-19T09:30:00,Russkiy
8b81d1e7-5067-4ac5-aaaf-01fc37e116a8,425035ef-0093-422c-a760-2740c95f4457,c545ee76-5ce3-4683-a6f2-7918ea4b9601,2025-11-17T15:40:00,Russkiy
3434843a-8108-4cf6-a33c-8034822e24f7,6c34f6f7-2682-4513-951e-96f325e7eb19,92a96396-ac33-4bb2-a703-f8aa43bff351,2025-12-26T00:50:00,French
088b6731-d72b-4005-a2a9-0f38844fb380,9bc42e46-67c9-447f-be78-4ae50e491d93,abfab99e-fd61-4782-a907-97b297c4ca74,2025-12-26T08:20:00,Russkiy
6264af14-e3bf-4deb-ae4b-2e0636adcf0b,0c6967ae-a4d8-4920-9d51-c7d95b61d752,b385ae30-ab5d-4d1d-922b-1baee7f11e02,2026-01-17T10:30:00,English
e1e91680-330e-46cf-9fca-daf099dda49a,ecdbf5f6-ea6e-48ad-8cf1-165f8682b135,f143c984-3849-40d5-a2b0-6d9ed37bc07e,2026-01-07T08:40:00,French
c63090b5-5908-4095-9040-1284105c8f31,677a4d7a-ae9b-4bdb-a72f-67f73eba99c7,b385ae30-ab5d-4d1d-922b-1baee7f11e02,2025-10-26T19:30:00,Spanish
bbd0654a-328d-4bc2-8e38-2eec3f529e4b,e994bf32-d050-4e52-b334-5b6074b2a959,b385ae30-ab5d-4d1d-922b-1baee7f11e02,2025-11-05T08:40:00,English
dbfaf81c-e2e9-439a-a790-5b28d1613275,979d4dea-2a55-46c2-a9d1-95d1bd7fab87,e16750c4-717c-432b-a04f-f09f675691f5,2025-11-22T19:20:00,Russkiy
d94d1781-790c-4407-bfd1-7e6c92e39bb9,7bd0bc4e-e14f-4f46-8e8b-d015a6b4ebc1,9174df91-bbab-4a3a-96e4-a815df880a07,2025-11-21T12:30:00,Italian
a8b8ce98-2a5a-4247-b596-44964c0c472b,24ce7888-3716-43b8-9d28-4239e17abe25,5b670ca6-a7e4-4c56-ad9d-3cd266bbfaac,2026-01-16T08:40:00,Russkiy
7ebabe14-969c-41d8-bc52-e6be7bac5465,1afd4484-49c1-4870-b60c-c754c4ce04d0,b385ae30-ab5d-4d1d-922b-1baee7f11e02,2025-12-23T23:40:00,English
43b82891-9ee3-45ca-a1b7-98b6c05ee759,ecdbf5f6-ea6e-48ad-8cf1-165f8682b135,d9130d7c-e87e-4f52-99ff-ea84234f6f29,2025-11-18T23:50:00,Spanish
ecd5887b-3001-4b0b-92df-e48e8e27739d,e52406b3-6af5-42dc-a087-fe3f73c2cb30,5b670ca6-a7e4-4c56-ad9d-3cd266bbfaac,2025-12-23T09:10:00,French
b32bfc90-6aa6-49fb-8762-94d87181d562,3c16d474-f898-4cfe-b924-7c38bea20d5c,9174df91-bbab-4a3a-96e4-a815df880a07,2025-10-23T13:30:00,Russkiy
b3f60d41-50e4-435c-8613-ffcec562ea17,f58f62f8-c6cd-4d19-adce-d4d1da14b149,b385ae30-ab5d-4d1d-922b-1baee7f11e02,2025-11-09T00:40:00,German
ae63ee46-de3a-4451-bf0d-6a283f5dfc26,1afd4484-49c1-4870-b60c-c754c4ce04d0,5b670ca6-a7e4-4c56-ad9d-3cd266bbfaac,2025-12-15T10:20:00,English
ea3cc48d-ab34-4de2-93d0-bdf24b9b7ece,ecdbf5f6-ea6e-48ad-8cf1-165f8682b135,05e81d16-559b-47bb-82e3-b8530bdbc109,2025-11-26T12:40:00,Russkiy
54ddda10-d7dd-4d2f-868d-f8bf4d8b297c,ecab2181-cb9d-42f7-b110-65986cef6204,9174df91-bbab-4a3a-96e4-a815df880a07,2025-10-28T00:50:00,English
644952c6-5b9b-4ff4-83cf-0048a8677a0a,5fb1457b-691f-48fd-aeca-0103d0a88833,f143c984-3849-40d5-a2b0-6d9ed37bc07e,2025-11-07T00:00:00,Russkiy
81c3cff1-fcd3-4549-93be-bce60bcfdb2f,24ce7888-3716-43b8-9d28-4239e17abe25,92a96396-ac33-4bb2-a703-f8aa43bff351,2025-11-03T17:00:00,Spanish
c613899d-b6de-4b74-a09a-c634b3dcaf84,9bc42e46-67c9-447f-be78-4ae50e491d93,92a96396-ac33-4bb2-a703-f8aa43bff351,2026-01-07T11:50:00,Italian
721e860d-611f-4d48-bb57-1940221a6aec,afc8c392-95b3-4506-8d6c-719f96692939,e16750c4-717c-432b-a04f-f09f675691f5,2025-10-29T16:10:00,English
42087acb-17d4-4933-9775-10c5c80588aa,33875037-f579-42ed-8aba-818a640c90d9,abfab99e-fd61-4782-a907-97b297c4ca74,2025-11-10T22:20:00,Russkiy
1eefd77a-c044-40d4-832e-77775d6b3a97,09901650-fe76-4f18-9bf9-e24256f4909e,92a96396-ac33-4bb2-a703-f8aa43bff351,2025-12-30T00:40:00,English
037e5d9a-f8f7-4d2a-86dd-73f432ca8636,47aa0eb4-151b-4307-b50f-cdd5a44970fd,b385ae30-ab5d-4d1d-922b-1baee7f11e02,2026-01-06T23:50:00,Italian
e79564ce-6707-4780-9a43-3148877e3681,4072477a-0e21-47ca-9a86-73f662b98398,d9130d7c-e87e-4f52-99ff-ea84234f6f29,2025-12-30T15:40:00,Italian
308b63d0-4c25-4347-ac0c-b952c31d9951,08c2602d-87d3-4851-b7fb-2bad244b5357,05e81d16-559b-47bb-82e3-b8530bdbc109,2025-12-02T07:00:00,Italian
c2ff9e8f-76c1-4d10-bf9f-eecc8544f681,62531f1e-00a6-4fce-ab03-320c8c0852e8,abfab99e-fd61-4782-a907-97b297c4ca74,2026-01-01T22:00:00,German
2e983c81-3635-47bc-890a-f72c5a3d144e,3844a965-19f9-41ec-9515-28393113f8c8,05e81d16-559b-47bb-82e3-b8530bdbc109,2025-11-15T23:40:00,Italian
efa1650e-d838-49e4-9c85-0da85b12a693,dac8e4dd-9f17-46ef-9865-5e025b74bf9a,5b670ca6-a7e4-4c56-ad9d-3cd266bbfaac,2025-12-28T22:30:00,Russkiy
45a645ca-60f2-4265-996a-eed4c454759a,09876245-335b-4ddd-bdbf-a33e23abc2fb,c545ee76-5ce3-4683-a6f2-7918ea4b9601,2026-01-07T08:30:00,French
6ad18f73-1538-4b9a-a962-60643cd696ca,d9b9480a-a1e4-49d4-b8b5-a28a761924b7,d9130d7c-e87e-4f52-99ff-ea84234f6f29,2025-11-16T09:30:00,German
f11cc57b-191c-425d-8e0e-b46995d41c5e,f58f62f8-c6cd-4d19-adce-d4d1da14b149,d9130d7c-e87e-4f52-99ff-ea84234f6f29,2025-11-02T23:10:00,French
c3faf66d-8ef8-45aa-98aa-524321048ef2,fd530ba8-7ae3-47c6-b384-a6b01df494cb,05e81d16-559b-47bb-82e3-b8530bdbc109,2025-11-13T19:40:00,French
88b8e3d5-f528-4a3d-b802-48b356eb5333,47632200-a702-4992-9f11-020d87c3aaed,abfab99e-fd61-4782-a907-97b297c4ca74,2026-01-07T17:50:00,Russkiy
56d861c9-3c8d-4766-8886-dcd6e1273ba1,fd530ba8-7ae3-47c6-b384-a6b01df494cb,05e81d16-559b-47bb-82e3-b8530bdbc109,2025-11-01T14:50:00,Italian
2d9317a7-740c-4014-b84b-16415bd16bcc,f9a7e8ba-2326-4fd7-b228-98060197c4f6,c545ee76-5ce3-4683-a6f2-7918ea4b9601,2025-11-03T00:50:00,English
f10cdd49-11d2-4825-ad83-07d33c3bc0c4,4edba6e8-c8d9-4fe2-a682-124b91f87604,f143c984-3849-40d5-a2b0-6d9ed37bc07e,2026-01-18T12:20:00,English
6ca66cc8-4e9e-46b4-a7ef-779dcc4814a7,d01b25df-fe4a-4617-b8b9-ee0c60db6556,5b670ca6-a7e4-4c56-ad9d-3cd266bbfaac,2025-12-04T11:10:00,German
e0dec6c2-12af-4e22-a3bc-f9e8ae73f3f4,cf58157c-eee8-4cb1-af62-820e7aadb847,9174df91-bbab-4a3a-96e4-a815df880a07,2026-01-08T19:40:00,German
a1ce9a20-c8a4-478e-b367-384224e49154,427354fb-8736-4fd4-9ea1-30b98d1974e7,9174df91-bbab-4a3a-96e4-a815df880a07,2026-01-14T15:20:00,German
fc7b622d-a867-44e8-8205-753eff7d0e2b,b51a7d8d-dbc7-426e-9013-dd2124a444bb,abfab99e-fd61-4782-a907-97b297c4ca74,2025-10-23T12:40:00,German
d84ada4c-b684-4be1-9854-e094100295db,8ff07004-cedb-4c53-a5dd-a034c6073f8e,05e81d16-559b-47bb-82e3-b8530bdbc109,2025-10-24T10:10:00,English
539f4532-8a3b-4f77-a6e6-f4f5157d7657,09dc474c-41e1-47c7-bd11-8bcc61aba3cc,05e81d16-559b-47bb-82e3-b8530bdbc109,2026-01-01T18:50:00,French
f684095b-6e3b-4784-8fcb-73eb274e58c4,a3128f74-4fcf-4cae-b2db-d585516780d1,9174df91-bbab-4a3a-96e4-a815df880a07,2025-12-13T11:30:00,Russkiy
2fee6f67-0ce7-4849-b67d-d6f4c75c0cea,9dae46b7-7f1a-4d67-b808-9e9c1b622d6c,e16750c4-717c-432b-a04f-f09f675691f5,2025-12-03T17:30:00,Spanish
3f1ed5db-fcfe-4626-9a19-616ed8fcc625,afc8c392-95b3-4506-8d6c-719f96692939,e16750c4-717c-432b-a04f-f09f675691f5,2025-12-22T07:00:00,English
9b5766be-3ab2-47b2-abc4-3422d1ee6a8e,979d4dea-2a55-46c2-a9d1-95d1bd7fab87,e16750c4-717c-432b-a04f-f09f675691f5,2025-12-12T21:10:00,French
2ad2b08d-e905-46fa-be58-fa70dda23b76,37887751-4d47-4e5c-98fd-9fa0dc90314c,05e81d16-559b-47bb-82e3-b8530bdbc109,2026-01-14T16:00:00,French
02d9c888-5e04-4391-9f1e-a39a8859e981,cb55c939-b208-4183-9cac-dc086cdad4ea,c545ee76-5ce3-4683-a6f2-7918ea4b9601,2025-12-12T09:40:00,German
92ddbf83-9c7a-4017-b9ef-788b1cdad3f9,67d8b4ad-4640-43f2-9c53-6b4929f30103,c545ee76-5ce3-4683-a6f2-7918ea4b9601,2025-11-22T22:10:00,French
77780cbe-26ba-453f-85e6-79514ab1ea3c,b3bb325c-6f93-4946-9d94-ca835b5be056,b385ae30-ab5d-4d1d-922b-1baee7f11e02,2025-11-04T07:40:00,German
bbb5a66b-c9cb-441f-b47a-1ebd25a2607e,2c417aef-cf61-4d18-ae06-06ba2317f36f,f143c984-3849-40d5-a2b0-6d9ed37bc07e,2025-12-05T13:50:00,Italian
e09ff194-8ace-4876-b5ea-3b63c84fae31,2c417aef-cf61-4d18-ae06-06ba2317f36f,92a96396-ac33-4bb2-a703-f8aa43bff351,2026-01-09T18:50:00,Italian
ab4122d8-e177-4bcb-885a-64f602a4f054,ac393398-9266-4f9c-8a2d-d14ae2aa114e,d9130d7c-e87e-4f52-99ff-ea84234f6f29,2025-11-01T21:50:00,Spanish
6135c7b6-9509-4ba2-bb72-1e904933d499,427354fb-8736-4fd4-9ea1-30b98d1974e7,d9130d7c-e87e-4f52-99ff-ea84234f6f29,2025-12-23T13:40:00,Russkiy
680015bd-0274-469d-93f9-27579578bee8,3ea805cf-d96a-4098-9682-f85f57267e43,f143c984-3849-40d5-a2b0-6d9ed37bc07e,2026-01-05T21:40:00,Spanish
d3fb4bb9-eba9-41a7-b0e7-8b7e336d0df7,9b151d62-177e-4736-b8e5-6cf69170f9dc,f143c984-3849-40d5-a2b0-6d9ed37bc07e,2026-01-03T23:50:00,French
28c35b42-deb1-4a0a-9a25-ad9a7041d61e,7338dd63-a1d1-4e74-9759-cd17bae3c0d8,05e81d16-559b-47bb-82e3-b8530bdbc109,2025-12-08T07:20:00,Spanish
217844ab-0e23-496b-b133-4a5d1a234e60,ac393398-9266-4f9c-8a2d-d14ae2aa114e,c545ee76-5ce3-4683-a6f2-7918ea4b9601,2025-12-24T20:10:00,German
ae1ffdfd-a49b-44d6-8576-86ff7b274254,f58f62f8-c6cd-4d19-adce-d4d1da14b149,92a96396-ac33-4bb2-a703-f8aa43bff351,2025-12-31T14:30:00,Spanish
3d8d0d06-186a-4de1-9b11-2ecb6f0b80ac,99f6f5c3-1cb9-4fe1-ab1a-aa9c1d16dbd0,92a96396-ac33-4bb2-a703-f8aa43bff351,2025-12-12T17:40:00,Italian
8e90dd56-41c9-45c7-a182-bf2ca91448d5,1b7592f5-0e3c-4c80-b5a2-4bd6f1157cba,c545ee76-5ce3-4683-a6f2-7918ea4b9601,2025-11-04T07:20:00,Italian
e36c57e0-628c-4270-bbe1-86e1c1ebb8f4,37887751-4d47-4e5c-98fd-9fa0dc90314c,e16750c4-717c-432b-a04f-f09f675691f5,2025-12-12T09:40:00,English
fc07785a-d237-4ea8-a715-1aa110a4e764,ac17d6c1-f9a9-42be-9c29-6670939d8d5e,e16750c4-717c-432b-a04f-f09f675691f5,2025-11-12T18:00:00,English
955aca5b-d061-4e62-8efa-9094702b9e6f,24ce7888-3716-43b8-9d28-4239e17abe25,92a96396-ac33-4bb2-a703-f8aa43bff351,2025-11-05T16:10:00,English
4a0ee6f0-86dd-434b-a6c1-c4fa815aecb8,1b3bae68-e409-4055-a2c3-d5f42604c9b1,abfab99e-fd61-4782-a907-97b297c4ca74,2025-11-03T13:50:00,Spanish
3e75a53e-5d28-4f9c-8868-61e65711bbd1,2d56957e-9087-4750-8598-9d99f1933845,e16750c4-717c-432b-a04f-f09f675691f5,2025-12-29T14:30:00,English
3ba81c3d-700e-4995-807b-b39563b80356,e994bf32-d050-4e52-b334-5b6074b2a959,b385ae30-ab5d-4d1d-922b-1baee7f11e02,2025-12-25T09:00:00,German
2fe709fb-4bd8-469b-9e94-5a1149dd4e8a,34e41375-9db2-4e92-9f7d-76f36353f4e6,c545ee76-5ce3-4683-a6f2-7918ea4b9601,2026-01-16T00:30:00,English
5674adc3-4db1-459c-82c9-176690f36b68,9008a579-51a2-4cde-80db-8e277bfd15c0,92a96396-ac33-4bb2-a703-f8aa43bff351,2025-12-04T22:40:00,Russkiy
fdeb8381-de6e-4b8d-9e2a-7b4bffb8f275,f58f62f8-c6cd-4d19-adce-d4d1da14b149,b385ae30-ab5d-4d1d-922b-1baee7f11e02,2025-11-10T08:00:00,French
83a6953a-310a-4a4e-a16c-ef5c75547513,7338dd63-a1d1-4e74-9759-cd17bae3c0d8,d9130d7c-e87e-4f52-99ff-ea84234f6f29,2025-10-27T11:40:00,German
be3eefb3-6cb7-42dd-a351-18d632278921,6c34f6f7-2682-4513-951e-96f325e7eb19,92a96396-ac33-4bb2-a703-f8aa43bff351,2025-12-12T07:30:00,Spanish
b2b5129c-457e-4270-a2ac-bcf1e935b0a9,5597d267-e508-4a43-8244-f8ec9fdecae4,5b670ca6-a7e4-4c56-ad9d-3cd266bbfaac,2025-11-08T11:10:00,English
8aedc2e2-722d-4608-946d-45f31ee19cbf,85bbf311-5929-482a-a259-21f783c36c59,e16750c4-717c-432b-a04f-f09f675691f5,2025-12-11T22:40:00,Spanish
e2b35536-5b6d-47f4-a3af-c66b77f07fff,6358f21d-d22d-4f6c-b15e-7a1b7ba90800,c545ee76-5ce3-4683-a6f2-7918ea4b9601,2025-10-28T20:40:00,French
c5986112-0312-4f93-af7c-861a6f650d28,2fd567ca-8efe-4948-bebd-a1a56f976d42,c545ee76-5ce3-4683-a6f2-7918ea4b9601,2025-12-18T21:30:00,Italian
c28fc540-cc4d-46f2-9d76-06634df9f0f4,24ce7888-3716-43b8-9d28-4239e17abe25,92a96396-ac33-4bb2-a703-f8aa43bff351,2025-12-04T12:40:00,Spanish
3ffe4897-0c08-4d38-8816-b9a51fffe0d2,e9774607-8354-4ac8-adcf-f72a1716c51b,e16750c4-717c-432b-a04f-f09f675691f5,2025-11-04T23:30:00,English
de89b077-272f-4f98-8a9a-cfe988fece18,85bbf311-5929-482a-a259-21f783c36c59,c545ee76-5ce3-4683-a6f2-7918ea4b9601,2025-11-12T11:40:00,Spanish
598a2ff6-f446-407b-8884-52221f9f32a3,009bae3f-9085-415e-81bf-b86503fa9115,d9130d7c-e87e-4f52-99ff-ea84234f6f29,2026-01-16T19:00:00,Russkiy
ba7729b5-c16d-4e12-a712-fcc26c5040d3,37887751-4d47-4e5c-98fd-9fa0dc90314c,9174df91-bbab-4a3a-96e4-a815df880a07,2025-12-24T19:50:00,German
7bca1c3f-ddea-45c0-a327-062c9e4a5d57,aa451009-5df5-4e3e-bce7-7ad1ac26b289,b385ae30-ab5d-4d1d-922b-1baee7f11e02,2026-01-08T22:50:00,French
37958659-1e71-4592-b98e-7a87b60d05f4,3c16d474-f898-4cfe-b924-7c38bea20d5c,e16750c4-717c-432b-a04f-f09f675691f5,2025-10-27T16:30:00,French
2172cd56-1651-474b-a4cd-3a80827b2752,ccda4639-3814-4892-99ea-7aa00cd42d49,c545ee76-5ce3-4683-a6f2-7918ea4b9601,2026-01-09T16:10:00,Spanish
eadfba6f-1314-4fac-b4c9-a11bc0f4cf11,cf58157c-eee8-4cb1-af62-820e7aadb847,c545ee76-5ce3-4683-a6f2-7918ea4b9601,2026-01-10T07:30:00,Russkiy
d6f725e8-6c99-4778-9068-a8b119faffe2,677a4d7a-ae9b-4bdb-a72f-67f73eba99c7,92a96396-ac33-4bb2-a703-f8aa43bff351,2026-01-05T13:10:00,German
d9aa1c92-a445-4c03-a962-17a142452e7a,f58f62f8-c6cd-4d19-adce-d4d1da14b149,05e81d16-559b-47bb-82e3-b8530bdbc109,2025-10-28T09:20:00,Italian
c201db85-caa5-4dc9-bf6f-7246d0a24227,e9774607-8354-4ac8-adcf-f72a1716c51b,e16750c4-717c-432b-a04f-f09f675691f5,2025-12-09T14:30:00,German
fda39a7e-8548-450b-ba9a-9924bbf53636,979d4dea-2a55-46c2-a9d1-95d1bd7fab87,f143c984-3849-40d5-a2b0-6d9ed37bc07e,2025-10-27T13:20:00,English
b5b18d21-9823-45a4-b6b7-91a064a3b70e,5597d267-e508-4a43-8244-f8ec9fdecae4,5b670ca6-a7e4-4c56-ad9d-3cd266bbfaac,2025-10-26T18:10:00,Spanish
f3397967-48ff-4fbe-820e-265bbd02116e,138aca2e-a48d-46a6-ac06-c902efe4fd18,c545ee76-5ce3-4683-a6f2-7918ea4b9601,2025-11-17T11:50:00,Spanish
05b15f23-0102-4579-ae6c-c2b85845b1d0,1444ba20-39ac-43a5-bccc-1cc41c2f03b1,5b670ca6-a7e4-4c56-ad9d-3cd266bbfaac,2026-01-21T14:40:00,English
5416a026-5474-460f-b74f-5dff159e4e2c,4072477a-0e21-47ca-9a86-73f662b98398,e16750c4-717c-432b-a04f-f09f675691f5,2025-11-16T23:50:00,German
39cbac48-7368-4ced-b993-f7bcaf0ca4e2,33b5c78e-cad2-4331-b9b9-a38ef8954dec,92a96396-ac33-4bb2-a703-f8aa43bff351,2025-11-16T14:20:00,Italian
baea01bf-eff8-4a7f-b56f-aee326c1da80,979d4dea-2a55-46c2-a9d1-95d1bd7fab87,92a96396-ac33-4bb2-a703-f8aa43bff351,2025-12-29T00:30:00,German
a8ab50c6-1fef-49e4-acdb-9222cd3267ac,9b151d62-177e-4736-b8e5-6cf69170f9dc,b385ae30-ab5d-4d1d-922b-1baee7f11e02,2026-01-02T14:40:00,English
de59a728-fa1f-4b24-919c-7eb73dea130e,aa451009-5df5-4e3e-bce7-7ad1ac26b289,9174df91-bbab-4a3a-96e4-a815df880a07,2026-01-02T14:20:00,French
d43ac9d3-becd-4bfe-bd0d-03aa6a6e8f3e,af3763b7-7954-464c-8287-33c652eaced6,d9130d7c-e87e-4f52-99ff-ea84234f6f29,2026-01-11T12:40:00,French
6aa0e75e-885d-4156-8721-24918cd34e39,4ad5c73a-5c99-4e98-9d90-0e03b0986909,05e81d16-559b-47bb-82e3-b8530bdbc109,2025-12-11T22:30:00,Russkiy
f2104676-071b-41a2-9a08-a5142a09a317,425035ef-0093-422c-a760-2740c95f4457,abfab99e-fd61-4782-a907-97b297c4ca74,2026-01-15T19:40:00,German
5997e5f8-1c8b-4def-a4bd-d9d1132fd92c,0eda6729-995b-43a0-9a17-b89035543c47,9174df91-bbab-4a3a-96e4-a815df880a07,2025-11-10T21:50:00,English
37e83148-991f-43f3-a8c2-80b2b48d829b,6dc440b0-7d0d-4e8c-8dfa-aacb16c25536,9174df91-bbab-4a3a-96e4-a815df880a07,2026-01-17T15:00:00,Spanish
3873884b-7c4b-4bdd-b637-18c772625497,138aca2e-a48d-46a6-ac06-c902efe4fd18,abfab99e-fd61-4782-a907-97b297c4ca74,2025-12-22T21:40:00,French
b61169dd-bbc6-4301-897b-b579020a5d3c,05de5279-613f-4b9e-b38d-1e4203d75c1a,9174df91-bbab-4a3a-96e4-a815df880a07,2025-11-14T20:30:00,Spanish
f2551f13-a5fb-45e3-a51e-bcd66fd3b5c1,08c2602d-87d3-4851-b7fb-2bad244b5357,5b670ca6-a7e4-4c56-ad9d-3cd266bbfaac,2025-12-25T21:40:00,Italian
0830cd94-189f-4ff1-953e-402bdddd146e,3e78c42e-79c6-46a5-84ba-afca64de824b,abfab99e-fd61-4782-a907-97b297c4ca74,2026-01-17T08:00:00,German
46485444-ed54-49dd-8db3-acd9463b682b,9c0da375-3d5a-4608-b8c7-9e36139d6c33,d9130d7c-e87e-4f52-99ff-ea84234f6f29,2026-01-13T08:10:00,English
0fe90083-81b7-4a92-bf9a-d44ec549d964,425035ef-0093-422c-a760-2740c95f4457,b385ae30-ab5d-4d1d-922b-1baee7f11e02,2025-11-05T11:40:00,Spanish
8b5b86b9-1fd0-46fb-9c55-7318964629b1,85bbf311-5929-482a-a259-21f783c36c59,9174df91-bbab-4a3a-96e4-a815df880a07,2026-01-11T07:50:00,English
6836cbe5-f43c-496b-b829-021cdb3d3f14,b3bb325c-6f93-4946-9d94-ca835b5be056,e16750c4-717c-432b-a04f-f09f675691f5,2025-11-24T20:00:00,Spanish
ed24a6a5-03c8-40a6-9550-33bd5be0858a,47632200-a702-4992-9f11-020d87c3aaed,5b670ca6-a7e4-4c56-ad9d-3cd266bbfaac,2025-12-30T12:30:00,Spanish
e7ffc1df-f655-46a1-b258-864b7bc859f6,9bc42e46-67c9-447f-be78-4ae50e491d93,f143c984-3849-40d5-a2b0-6d9ed37bc07e,2025-12-11T12:20:00,Russkiy
db2e077e-8905-4eb3-85d6-7b4db0d8b642,4072477a-0e21-47ca-9a86-73f662b98398,c545ee76-5ce3-4683-a6f2-7918ea4b9601,2025-12-11T22:40:00,English
d355010c-4c35-4ae1-9f2d-d70d0e5a75be,d3206088-b25a-455a-9323-1c8d5829b0b0,92a96396-ac33-4bb2-a703-f8aa43bff351,2025-11-25T11:30:00,English
ecc775a7-7d57-4ac7-b730-4e9c9f4b58a5,6c34f6f7-2682-4513-951e-96f325e7eb19,f143c984-3849-40d5-a2b0-6d9ed37bc07e,2026-01-15T15:20:00,English
ded2eb23-5e0e-4399-b27f-60adea8d0258,67d8b4ad-4640-43f2-9c53-6b4929f30103,f143c984-3849-40d5-a2b0-6d9ed37bc07e,2026-01-19T13:40:00,Italian
867e0c79-035d-47eb-9498-e5b29117fb1f,9c0da375-3d5a-4608-b8c7-9e36139d6c33,92a96396-ac33-4bb2-a703-f8aa43bff351,2025-11-15T00:30:00,French
b577f41d-2660-4869-b89a-7324486c6e26,979d4dea-2a55-46c2-a9d1-95d1bd7fab87,05e81d16-559b-47bb-82e3-b8530bdbc109,2025-11-16T22:50:00,Spanish
50033138-2d71-4569-9071-ea15c3a4be47,cf58157c-eee8-4cb1-af62-820e7aadb847,9174df91-bbab-4a3a-96e4-a815df880a07,2026-01-03T18:10:00,Russkiy
9f87ab8a-2109-42b2-9923-fe10f86ae841,62531f1e-00a6-4fce-ab03-320c8c0852e8,b385ae30-ab5d-4d1d-922b-1baee7f11e02,2025-12-10T16:10:00,French
a20557e8-5833-4c7e-acea-7675bc41b30a,b3bb325c-6f93-4946-9d94-ca835b5be056,5b670ca6-a7e4-4c56-ad9d-3cd266bbfaac,2025-12-08T17:40:00,Spanish
7cc59d4b-e08d-492d-9aa3-ad51854d06df,23855b90-cb3b-4533-a756-bab9bb81426e,5b670ca6-a7e4-4c56-ad9d-3cd266bbfaac,2025-11-30T22:00:00,Russkiy
3a0e8437-672e-46c7-bec4-5485e55b34a8,4072477a-0e21-47ca-9a86-73f662b98398,05e81d16-559b-47bb-82e3-b8530bdbc109,2025-10-27T12:10:00,Spanish
26ddf0b2-45ff-4bf6-891f-0fcbb247e7db,8a99736e-dad6-489d-aa46-0ee02356e5fe,c545ee76-5ce3-4683-a6f2-7918ea4b9601,2025-11-18T20:40:00,English
c6f33175-ca33-430b-8eca-f5cde5a06315,2fd567ca-8efe-4948-bebd-a1a56f976d42,e16750c4-717c-432b-a04f-f09f675691f5,2025-11-25T23:10:00,French
5711e5df-908c-4614-9a9e-0c02a7f37680,7c08735f-311c-4060-9637-87bee6bf9673,b385ae30-ab5d-4d1d-922b-1baee7f11e02,2025-10-31T10:20:00,Spanish
1e306690-cafe-47bf-8867-b02a3353797b,74429405-c801-4e71-87cd-1d726e8cd8f7,d9130d7c-e87e-4f52-99ff-ea84234f6f29,2026-01-21T08:20:00,French
344336b1-3b56-4187-8e22-ede2bdecda1f,4072477a-0e21-47ca-9a86-73f662b98398,d9130d7c-e87e-4f52-99ff-ea84234f6f29,2025-11-24T13:50:00,German
3d2019d0-90b4-483d-9778-91d137c4e11b,62531f1e-00a6-4fce-ab03-320c8c0852e8,5b670ca6-a7e4-4c56-ad9d-3cd266bbfaac,2025-12-12T13:40:00,Spanish
e2360fbf-e495-4c4f-9ee2-09407a9e0629,e994bf32-d050-4e52-b334-5b6074b2a959,5b670ca6-a7e4-4c56-ad9d-3cd266bbfaac,2025-12-06T23:00:00,French
0473bc43-92c3-4777-bc70-4ba89d7883c8,47632200-a702-4992-9f11-020d87c3aaed,9174df91-bbab-4a3a-96e4-a815df880a07,2025-11-13T15:10:00,Italian
d26c475d-b891-4818-92d9-39f390017ce5,6dc440b0-7d0d-4e8c-8dfa-aacb16c25536,5b670ca6-a7e4-4c56-ad9d-3cd266bbfaac,2025-11-20T20:10:00,French
25f5dd1e-4abf-4677-ba98-c656840a2fa7,5597d267-e508-4a43-8244-f8ec9fdecae4,c545ee76-5ce3-4683-a6f2-7918ea4b9601,2026-01-06T12:50:00,German
960a78ba-0c46-48b6-ae80-c2f05b70b744,81de516b-9d80-447a-a5f3-7f542dab2e6f,c545ee76-5ce3-4683-a6f2-7918ea4b9601,2025-12-04T23:50:00,Italian
3a0aaa76-abac-4092-b8ed-2af4eb454841,6c34f6f7-2682-4513-951e-96f325e7eb19,05e81d16-559b-47bb-82e3-b8530bdbc109,2025-12-11T09:20:00,Russkiy
f8e01dfd-0dc5-4cfb-8cde-c7da825e444b,009bae3f-9085-415e-81bf-b86503fa9115,f143c984-3849-40d5-a2b0-6d9ed37bc07e,2025-12-31T14:20:00,Italian
9c3fbf50-aca7-4074-9b46-923ecab71b37,74429405-c801-4e71-87cd-1d726e8cd8f7,92a96396-ac33-4bb2-a703-f8aa43bff351,2025-12-12T23:40:00,English
45e44cfa-c3f6-4d81-85d0-c48d4fdb2397,3ea805cf-d96a-4098-9682-f85f57267e43,05e81d16-559b-47bb-82e3-b8530bdbc109,2026-01-04T13:40:00,English
ab1afa67-5258-4d38-89ba-9733a7a1f0d0,6c34f6f7-2682-4513-951e-96f325e7eb19,92a96396-ac33-4bb2-a703-f8aa43bff351,2025-12-18T15:40:00,Italian
c62b4a02-6c1f-470f-bed4-f5230a812ad2,8a99736e-dad6-489d-aa46-0ee02356e5fe,92a96396-ac33-4bb2-a703-f8aa43bff351,2025-11-12T15:20:00,English
9e60d8d2-c6bb-4199-959c-f89c536b16f3,009bae3f-9085-415e-81bf-b86503fa9115,abfab99e-fd61-4782-a907-97b297c4ca74,2026-01-06T22:00:00,German
3de3f819-ce77-4f3f-bff8-fffe03e35b52,69a62e24-d225-4d89-94b5-ae7f906b57dc,e16750c4-717c-432b-a04f-f09f675691f5,2025-11-04T07:10:00,Italian
3aac385a-6f2f-4f5a-973f-1b2703cc03a9,d9b9480a-a1e4-49d4-b8b5-a28a761924b7,92a96396-ac33-4bb2-a703-f8aa43bff351,2025-12-30T17:00:00,Russkiy
ae19501a-e04d-4428-836a-654d398d0f13,5597d267-e508-4a43-8244-f8ec9fdecae4,5b670ca6-a7e4-4c56-ad9d-3cd266bbfaac,2026-01-10T16:40:00,Italian
e2f3b8a5-5d44-4e76-8d70-faa98504d319,dac8e4dd-9f17-46ef-9865-5e025b74bf9a,92a96396-ac33-4bb2-a703-f8aa43bff351,2025-11-14T08:30:00,Italian
bfeb5aef-d4ae-4dd8-95bc-6a180d6b3270,47aa0eb4-151b-4307-b50f-cdd5a44970fd,9174df91-bbab-4a3a-96e4-a815df880a07,2025-11-25T16:30:00,French
42f3d7a0-947f-44c2-aa88-304310bd75ec,05de5279-613f-4b9e-b38d-1e4203d75c1a,5b670ca6-a7e4-4c56-ad9d-3cd266bbfaac,2025-12-24T16:20:00,Russkiy
dd44b9ba-959d-4165-b91e-8166e3362652,77ae4c44-0946-4323-afdc-9932fc01f4c6,d9130d7c-e87e-4f52-99ff-ea84234f6f29,2026-01-07T08:40:00,Russkiy
278fe7bc-58ab-48c5-93e9-2905ae33dc66,2d56957e-9087-4750-8598-9d99f1933845,5b670ca6-a7e4-4c56-ad9d-3cd266bbfaac,2025-12-04T23:50:00,German
c232c566-0fef-42f1-86d9-9ce911ce24f5,2c417aef-cf61-4d18-ae06-06ba2317f36f,9174df91-bbab-4a3a-96e4-a815df880a07,2025-11-05T23:10:00,Russkiy
f72daee9-64a9-40ae-ade3-8a9086c219f2,5e77bfad-cca1-40e3-9460-368c94829eed,5b670ca6-a7e4-4c56-ad9d-3cd266bbfaac,2025-11-16T12:40:00,Italian
5c300a4b-eb29-4814-ae11-b1ac6f30aa55,ac17d6c1-f9a9-42be-9c29-6670939d8d5e,abfab99e-fd61-4782-a907-97b297c4ca74,2026-01-16T13:00:00,French
aa8c0feb-97be-42ce-b919-5665e615743a,d01b25df-fe4a-4617-b8b9-ee0c60db6556,abfab99e-fd61-4782-a907-97b297c4ca74,2025-12-16T23:10:00,French
f57c6076-ad66-4ca0-97f7-b1cb45e7c482,8a99736e-dad6-489d-aa46-0ee02356e5fe,d9130d7c-e87e-4f52-99ff-ea84234f6f29,2025-12-13T15:00:00,German
2544ef4f-03b8-46f2-94a3-6ddfd410eb64,6c34f6f7-2682-4513-951e-96f325e7eb19,c545ee76-5ce3-4683-a6f2-7918ea4b9601,2026-01-20T08:10:00,Spanish
ae8f9804-039b-482a-bc53-21c6e411d91f,0c6967ae-a4d8-4920-9d51-c7d95b61d752,f143c984-3849-40d5-a2b0-6d9ed37bc07e,2025-11-27T08:50:00,English
15372e46-fe07-45b9-948e-a626a31cba6a,425035ef-0093-422c-a760-2740c95f4457,05e81d16-559b-47bb-82e3-b8530bdbc109,2026-01-08T14:40:00,Russkiy
bb4abb13-9c33-41aa-b680-b3ed23306976,1aa28ea9-5df1-4ce1-a2db-7524bfcfd4ee,f143c984-3849-40d5-a2b0-6d9ed37bc07e,2025-10-27T22:50:00,Russkiy
8e1f425d-b19c-450c-9a46-0a9c57ae21e7,1afd4484-49c1-4870-b60c-c754c4ce04d0,e16750c4-717c-432b-a04f-f09f675691f5,2025-12-10T08:30:00,French
869aa96e-a379-41e4-b6ff-08cbd2555bbd,2d56957e-9087-4750-8598-9d99f1933845,9174df91-bbab-4a3a-96e4-a815df880a07,2025-11-05T15:30:00,English
16c456e7-3388-40b6-a79c-35a329567cd3,99f6f5c3-1cb9-4fe1-ab1a-aa9c1d16dbd0,c545ee76-5ce3-4683-a6f2-7918ea4b9601,2025-12-26T15:10:00,French
a678c5ef-25a5-45eb-b936-cce1de1a2f79,e994bf32-d050-4e52-b334-5b6074b2a959,d9130d7c-e87e-4f52-99ff-ea84234f6f29,2025-12-29T00:10:00,French
f983e5b3-50e5-41d7-a13f-f62f9620a391,1b3bae68-e409-4055-a2c3-d5f42604c9b1,d9130d7c-e87e-4f52-99ff-ea84234f6f29,2025-12-12T18:40:00,Spanish
4460e1ee-166d-4604-b721-0c57783daa34,24ce7888-3716-43b8-9d28-4239e17abe25,92a96396-ac33-4bb2-a703-f8aa43bff351,2025-11-09T12:20:00,French
ed775306-4028-4307-8dce-326317261342,4edba6e8-c8d9-4fe2-a682-124b91f87604,b385ae30-ab5d-4d1d-922b-1baee7f11e02,2025-11-11T16:30:00,French
1b463fa4-b55e-4731-8b1e-a5195f19b7be,23855b90-cb3b-4533-a756-bab9bb81426e,9174df91-bbab-4a3a-96e4-a815df880a07,2025-12-16T13:50:00,Italian
6130bc85-6e85-4ec8-89b2-d93987192a86,47aa0eb4-151b-4307-b50f-cdd5a44970fd,c545ee76-5ce3-4683-a6f2-7918ea4b9601,2025-12-04T14:30:00,Spanish
59b2ab28-819d-415b-87b8-debe34ec3335,e9774607-8354-4ac8-adcf-f72a1716c51b,abfab99e-fd61-4782-a907-97b297c4ca74,2025-11-29T00:50:00,Spanish
a301cb0a-108a-4127-9ecb-34007c37fa40,ccda4639-3814-4892-99ea-7aa00cd42d49,abfab99e-fd61-4782-a907-97b297c4ca74,2026-01-04T20:40:00,German
df0beccc-2d80-4a54-92d4-a0b39e7b61e5,4ad5c73a-5c99-4e98-9d90-0e03b0986909,b385ae30-ab5d-4d1d-922b-1baee7f11e02,2026-01-04T17:40:00,Spanish
2eedc669-57a5-4306-9454-e5ee7b90346a,67d8b4ad-4640-43f2-9c53-6b4929f30103,05e81d16-559b-47bb-82e3-b8530bdbc109,2025-12-01T09:50:00,Russkiy
80e5fa04-2fa3-4042-952b-8d49fc26b9dc,5fb1457b-691f-48fd-aeca-0103d0a88833,e16750c4-717c-432b-a04f-f09f675691f5,2025-12-27T13:40:00,German
c0f4a67c-05bc-4d1d-9565-62411d0008e8,33b5c78e-cad2-4331-b9b9-a38ef8954dec,92a96396-ac33-4bb2-a703-f8aa43bff351,2025-12-08T23:10:00,Spanish
b05d1e77-db47-4f80-abcd-dbbe69b98929,9dae46b7-7f1a-4d67-b808-9e9c1b622d6c,5b670ca6-a7e4-4c56-ad9d-3cd266bbfaac,2025-12-18T08:00:00,Russkiy
07764815-7864-4f0c-930e-5c4f62b0eafe,99f6f5c3-1cb9-4fe1-ab1a-aa9c1d16dbd0,abfab99e-fd61-4782-a907-97b297c4ca74,2026-01-14T22:50:00,Spanish
994e546b-df35-4ee0-920d-d632609aae82,e52406b3-6af5-42dc-a087-fe3f73c2cb30,d9130d7c-e87e-4f52-99ff-ea84234f6f29,2025-12-06T12:10:00,English
f260f199-f49a-42f1-944f-b63fa299e868,3c16d474-f898-4cfe-b924-7c38bea20d5c,c545ee76-5ce3-4683-a6f2-7918ea4b9601,2025-12-07T22:00:00,English
c1df49ca-2eec-47c1-a368-43bc552a18e6,09901650-fe76-4f18-9bf9-e24256f4909e,c545ee76-5ce3-4683-a6f2-7918ea4b9601,2025-12-05T15:20:00,French
c3311adc-9abd-4f0b-a5f9-90a458a8a1ce,0eda6729-995b-43a0-9a17-b89035543c47,9174df91-bbab-4a3a-96e4-a815df880a07,2025-11-29T10:00:00,English
897b22a8-d96e-4ced-919e-b756a55bcd6c,af3763b7-7954-464c-8287-33c652eaced6,92a96396-ac33-4bb2-a703-f8aa43bff351,2025-12-16T11:00:00,Russkiy
87cd8ad6-b285-4d28-94a5-ba2ad8471b72,5597d267-e508-4a43-8244-f8ec9fdecae4,f143c984-3849-40d5-a2b0-6d9ed37bc07e,2025-12-19T13:20:00,Italian
ea29c797-3a16-436f-9923-54765f6a4b2f,3c16d474-f898-4cfe-b924-7c38bea20d5c,b385ae30-ab5d-4d1d-922b-1baee7f11e02,2026-01-12T20:20:00,English
1d6e6437-ffa4-4efc-a7a5-138823910ace,1aa28ea9-5df1-4ce1-a2db-7524bfcfd4ee,c545ee76-5ce3-4683-a6f2-7918ea4b9601,2025-10-30T23:00:00,Italian
7a695aa4-1f4e-4f90-afbd-0e76e39dfd22,2752b069-f76a-4957-8807-6237a31f6d2c,5b670ca6-a7e4-4c56-ad9d-3cd266bbfaac,2025-12-02T10:10:00,Spanish
156b133a-2f2e-45ea-b4c1-00d06d6843ce,fd530ba8-7ae3-47c6-b384-a6b01df494cb,d9130d7c-e87e-4f52-99ff-ea84234f6f29,2026-01-18T13:20:00,Italian
7e0f0381-c263-4404-b8f7-ef9640ebc770,6358f21d-d22d-4f6c-b15e-7a1b7ba90800,b385ae30-ab5d-4d1d-922b-1baee7f11e02,2025-12-29T22:30:00,German
855b91e3-09df-4d3e-8090-1f5201192ad5,d01b25df-fe4a-4617-b8b9-ee0c60db6556,b385ae30-ab5d-4d1d-922b-1baee7f11e02,2026-01-09T07:50:00,French
a7055e4c-8b80-40ee-9089-d70ae687016e,7c08735f-311c-4060-9637-87bee6bf9673,e16750c4-717c-432b-a04f-f09f675691f5,2025-11-03T15:20:00,Italian
e81ed993-50e6-4906-b54e-43ea280ab38a,77ae4c44-0946-4323-afdc-9932fc01f4c6,d9130d7c-e87e-4f52-99ff-ea84234f6f29,2025-11-30T08:20:00,French
6b120877-01c0-4b1b-8104-1f293cb57dbf,ecab2181-cb9d-42f7-b110-65986cef6204,d9130d7c-e87e-4f52-99ff-ea84234f6f29,2025-11-23T17:50:00,English
bc44532d-b861-4106-a947-1d413c096af1,e52406b3-6af5-42dc-a087-fe3f73c2cb30,abfab99e-fd61-4782-a907-97b297c4ca74,2025-11-21T14:10:00,Italian
740fecc5-e521-47a8-b78e-69566bcd032d,2fd567ca-8efe-4948-bebd-a1a56f976d42,f143c984-3849-40d5-a2b0-6d9ed37bc07e,2025-12-12T22:40:00,Spanish
d054cc91-cda8-4538-8694-bf95119cfcc1,dac8e4dd-9f17-46ef-9865-5e025b74bf9a,92a96396-ac33-4bb2-a703-f8aa43bff351,2026-01-02T20:30:00,Russkiy
15c36e53-d386-4e08-a902-3caed446703b,9008a579-51a2-4cde-80db-8e277bfd15c0,e16750c4-717c-432b-a04f-f09f675691f5,2025-11-19T23:50:00,German
7a13a0e1-18ed-4863-a8be-c7c358499cb4,2752b069-f76a-4957-8807-6237a31f6d2c,b385ae30-ab5d-4d1d-922b-1baee7f11e02,2025-11-04T23:40:00,French
f52c867e-04a9-465c-8919-d2086128c290,3ea805cf-d96a-4098-9682-f85f57267e43,9174df91-bbab-4a3a-96e4-a815df880a07,2025-10-28T15:20:00,Spanish
fad1cc6f-304f-47b0-89e1-5ebba668e381,afc8c392-95b3-4506-8d6c-719f96692939,9174df91-bbab-4a3a-96e4-a815df880a07,2026-01-06T11:10:00,Italian
94109bf8-53a4-423e-b3a7-eac4881c52ce,ccda4639-3814-4892-99ea-7aa00cd42d49,05e81d16-559b-47bb-82e3-b8530bdbc109,2025-11-29T16:50:00,French
cc27f61f-4142-4952-8395-edc0f724db72,ccda4639-3814-4892-99ea-7aa00cd42d49,b385ae30-ab5d-4d1d-922b-1baee7f11e02,2025-12-02T16:20:00,Spanish
356d15dc-f218-46c6-ae4d-ec3aa9a05a64,67d8b4ad-4640-43f2-9c53-6b4929f30103,05e81d16-559b-47bb-82e3-b8530bdbc109,2026-01-14T19:20:00,Italian
50cddd13-1708-46b7-a8d7-474baf74fb0d,09876245-335b-4ddd-bdbf-a33e23abc2fb,f143c984-3849-40d5-a2b0-6d9ed37bc07e,2025-12-28T14:40:00,English
e10e24a9-570a-4efc-9ba2-acafa626645c,979d4dea-2a55-46c2-a9d1-95d1bd7fab87,f143c984-3849-40d5-a2b0-6d9ed37bc07e,2025-11-10T17:20:00,German
51854eba-49a1-4a9d-b7ea-6811ba9a38bf,67d8b4ad-4640-43f2-9c53-6b4929f30103,9174df91-bbab-4a3a-96e4-a815df880a07,2026-01-02T19:20:00,Italian
81369a5b-9f95-41d9-b5b4-649208565578,2fd567ca-8efe-4948-bebd-a1a56f976d42,c545ee76-5ce3-4683-a6f2-7918ea4b9601,2026-01-17T00:00:00,Spanish
2b2b2848-fe8e-404b-b613-6c7ef237ffe9,0c6967ae-a4d8-4920-9d51-c7d95b61d752,f143c984-3849-40d5-a2b0-6d9ed37bc07e,2025-11-09T12:10:00,Italian
e3ef3b8e-7ece-440a-98b3-c9a7f9216c4e,47632200-a702-4992-9f11-020d87c3aaed,9174df91-bbab-4a3a-96e4-a815df880a07,2025-12-20T16:40:00,Russkiy
441fc700-70a8-459a-8698-4b32507773d4,4ad5c73a-5c99-4e98-9d90-0e03b0986909,d9130d7c-e87e-4f52-99ff-ea84234f6f29,2025-12-02T23:20:00,English
c4d14ea4-9f77-46cf-8497-5e7156f71718,6358f21d-d22d-4f6c-b15e-7a1b7ba90800,d9130d7c-e87e-4f52-99ff-ea84234f6f29,2026-01-06T23:30:00,Spanish
5eb0b19e-be4e-4366-a592-ba865ff73a73,138aca2e-a48d-46a6-ac06-c902efe4fd18,d9130d7c-e87e-4f52-99ff-ea84234f6f29,2026-01-16T09:40:00,German
2a95b375-d88a-4aec-8081-4646e75d11b6,6d0ed363-2c1a-43f7-958a-0e0cb6ea3e49,92a96396-ac33-4bb2-a703-f8aa43bff351,2025-11-07T08:30:00,German
15024161-9c1d-4889-bef8-78ce93de3b7e,cb55c939-b208-4183-9cac-dc086cdad4ea,e16750c4-717c-432b-a04f-f09f675691f5,2025-12-10T19:30:00,German
1aad8d00-b3fd-4410-96e5-9d9b9d027609,c3820118-4994-4049-8719-6d71466870fe,92a96396-ac33-4bb2-a703-f8aa43bff351,2025-11-02T18:50:00,Russkiy
430c5453-f12c-429a-bc8d-074725325aaa,6358f21d-d22d-4f6c-b15e-7a1b7ba90800,05e81d16-559b-47bb-82e3-b8530bdbc109,2025-11-29T07:10:00,German
a686227d-85a1-407c-bbb4-7108215e08f7,0c6967ae-a4d8-4920-9d51-c7d95b61d752,c545ee76-5ce3-4683-a6f2-7918ea4b9601,2026-01-07T12:40:00,French
7992a62e-b72a-41db-a586-8893f84ebd1e,09dc474c-41e1-47c7-bd11-8bcc61aba3cc,f143c984-3849-40d5-a2b0-6d9ed37bc07e,2025-11-07T11:10:00,Spanish
eab265d5-6828-435e-99eb-67a95dd14272,009bae3f-9085-415e-81bf-b86503fa9115,c545ee76-5ce3-4683-a6f2-7918ea4b9601,2025-12-27T22:30:00,German
5c0f6642-9503-40e2-a01b-dc9caf90c78a,47632200-a702-4992-9f11-020d87c3aaed,9174df91-bbab-4a3a-96e4-a815df880a07,2025-12-15T08:10:00,Italian
a7d88d1f-3667-4a70-99fa-8b4739b05d5b,33b5c78e-cad2-4331-b9b9-a38ef8954dec,c545ee76-5ce3-4683-a6f2-7918ea4b9601,2025-12-11T13:00:00,French
d9fc212f-12a2-4263-acd6-94202d53eb57,9dae46b7-7f1a-4d67-b808-9e9c1b622d6c,b385ae30-ab5d-4d1d-922b-1baee7f11e02,2026-01-14T20:00:00,Italian
11923ba1-6e7e-41ba-92ce-fd5410fa0836,81d5edb0-d9b4-4d01-968c-8eda5f5b6a03,d9130d7c-e87e-4f52-99ff-ea84234f6f29,2025-12-13T12:00:00,Spanish
179c4324-972b-40d5-951d-d7ce3953a44d,81de516b-9d80-447a-a5f3-7f542dab2e6f,05e81d16-559b-47bb-82e3-b8530bdbc109,2025-10-25T15:20:00,Spanish
a523d82b-edf5-499c-887e-85b434322454,f4fa3e26-130b-42f5-8e08-2d4f884e080d,c545ee76-5ce3-4683-a6f2-7918ea4b9601,2026-01-17T15:10:00,Russkiy
2d8afae5-3722-41b7-bba6-29bfcae87ea7,37887751-4d47-4e5c-98fd-9fa0dc90314c,f143c984-3849-40d5-a2b0-6d9ed37bc07e,2026-01-14T22:50:00,Italian
f0a86b20-0da6-49f2-a2d5-50af11ab766a,ecdbf5f6-ea6e-48ad-8cf1-165f8682b135,e16750c4-717c-432b-a04f-f09f675691f5,2025-12-20T19:50:00,English
da296deb-9e91-4496-8ed4-bfacf735d507,3ea805cf-d96a-4098-9682-f85f57267e43,b385ae30-ab5d-4d1d-922b-1baee7f11e02,2025-12-07T07:00:00,Russkiy
7df5d840-197c-4764-81b8-83201e128adb,2752b069-f76a-4957-8807-6237a31f6d2c,5b670ca6-a7e4-4c56-ad9d-3cd266bbfaac,2025-12-03T21:50:00,Russkiy
de4e1d57-2eb0-40fe-88c7-712160140961,af3763b7-7954-464c-8287-33c652eaced6,92a96396-ac33-4bb2-a703-f8aa43bff351,2025-10-24T11:50:00,Italian
bf05eb8a-c31a-422a-9ee5-3fed02dab3a4,ccda4639-3814-4892-99ea-7aa00cd42d49,5b670ca6-a7e4-4c56-ad9d-3cd266bbfaac,2025-11-12T09:20:00,German
d6afdb05-23ce-46d5-a077-5db298e4938f,979d4dea-2a55-46c2-a9d1-95d1bd7fab87,92a96396-ac33-4bb2-a703-f8aa43bff351,2025-12-25T07:50:00,Spanish
9f50af7c-cd99-49a4-999b-7b16d64c4793,6dc440b0-7d0d-4e8c-8dfa-aacb16c25536,b385ae30-ab5d-4d1d-922b-1baee7f11e02,2025-11-07T20:50:00,English
cf411cab-1095-4ee7-99b3-57fc524a1e06,e994bf32-d050-4e52-b334-5b6074b2a959,f143c984-3849-40d5-a2b0-6d9ed37bc07e,2025-12-19T10:40:00,Spanish
1b574732-7550-4b70-be87-14d1865d941d,8ff07004-cedb-4c53-a5dd-a034c6073f8e,9174df91-bbab-4a3a-96e4-a815df880a07,2025-10-28T18:30:00,German
a5896a93-f8dc-4d5c-b021-67f97c03216f,81de516b-9d80-447a-a5f3-7f542dab2e6f,5b670ca6-a7e4-4c56-ad9d-3cd266bbfaac,2026-01-21T07:20:00,Spanish
c5d4c6ca-1102-4135-8853-d83d694d6d52,ccda4639-3814-4892-99ea-7aa00cd42d49,b385ae30-ab5d-4d1d-922b-1baee7f11e02,2025-12-22T09:50:00,French
192b2c0d-5213-438b-a49f-16dc34074981,427354fb-8736-4fd4-9ea1-30b98d1974e7,abfab99e-fd61-4782-a907-97b297c4ca74,2025-10-26T11:20:00,Italian
d8fe1038-1bc5-4221-9403-763d2dd047d1,e52406b3-6af5-42dc-a087-fe3f73c2cb30,5b670ca6-a7e4-4c56-ad9d-3cd266bbfaac,2026-01-16T12:50:00,English
6484a552-a281-4e61-a538-e8c35c45d20c,1afd4484-49c1-4870-b60c-c754c4ce04d0,92a96396-ac33-4bb2-a703-f8aa43bff351,2026-01-07T21:50:00,French
2dd84694-05e2-4bf3-a224-4e6dd23b1ecd,ac393398-9266-4f9c-8a2d-d14ae2aa114e,abfab99e-fd61-4782-a907-97b297c4ca74,2025-10-31T09:00:00,English
c0490599-a439-4912-b01e-cb16c334f638,47632200-a702-4992-9f11-020d87c3aaed,abfab99e-fd61-4782-a907-97b297c4ca74,2025-11-10T00:00:00,Spanish
3728f705-a4ae-4e95-9b24-04cd41ca4a42,67021090-97c3-44f2-82ed-cf5f65828f38,5b670ca6-a7e4-4c56-ad9d-3cd266bbfaac,2026-01-06T13:30:00,German
764b81ad-0db8-4f06-9bff-240138ec5e2a,23855b90-cb3b-4533-a756-bab9bb81426e,92a96396-ac33-4bb2-a703-f8aa43bff351,2025-12-24T10:00:00,Russkiy
b80c4b3d-6264-44b0-8c0c-f2baec10059b,6dc440b0-7d0d-4e8c-8dfa-aacb16c25536,05e81d16-559b-47bb-82e3-b8530bdbc109,2026-01-02T16:20:00,Spanish
ac9aa5de-baa8-49c0-bb64-cc0b9e72f5b1,2d56957e-9087-4750-8598-9d99f1933845,abfab99e-fd61-4782-a907-97b297c4ca74,2025-12-27T23:30:00,English
08440126-aa5e-4d33-8059-95e3c715f768,aa451009-5df5-4e3e-bce7-7ad1ac26b289,5b670ca6-a7e4-4c56-ad9d-3cd266bbfaac,2025-10-30T16:50:00,English
68beb723-f22f-4767-93b9-789097a43e78,e9774607-8354-4ac8-adcf-f72a1716c51b,f143c984-3849-40d5-a2b0-6d9ed37bc07e,2025-12-02T00:00:00,German
2f4adb3b-d96f-4b5b-8f1c-28b964906aac,708f4f48-f883-4f49-97ee-2c0a91c249de,b385ae30-ab5d-4d1d-922b-1baee7f11e02,2025-12-07T11:10:00,Russkiy
c0403060-3b0f-4903-8574-f17c9e0369e9,d3206088-b25a-455a-9323-1c8d5829b0b0,d9130d7c-e87e-4f52-99ff-ea84234f6f29,2025-11-28T21:00:00,French
625b05bf-eba9-49e0-9634-908eb423242a,f58f62f8-c6cd-4d19-adce-d4d1da14b149,5b670ca6-a7e4-4c56-ad9d-3cd266bbfaac,2025-12-04T19:30:00,Italian
cebaf242-c71d-41c2-9145-e77267308ee2,1b3bae68-e409-4055-a2c3-d5f42604c9b1,e16750c4-717c-432b-a04f-f09f675691f5,2025-11-12T08:30:00,English
a7ad74eb-e699-45d1-acd1-c6357b566047,af3763b7-7954-464c-8287-33c652eaced6,92a96396-ac33-4bb2-a703-f8aa43bff351,2025-11-07T19:50:00,English
c091e6e6-ee2d-4d8a-a63e-831858a76386,b3bb325c-6f93-4946-9d94-ca835b5be056,e16750c4-717c-432b-a04f-f09f675691f5,2025-10-31T22:50:00,French
646a1204-e754-48d0-9fa4-df5185ee2391,d9b9480a-a1e4-49d4-b8b5-a28a761924b7,92a96396-ac33-4bb2-a703-f8aa43bff351,2025-10-28T17:00:00,German
f3df7b44-a7d4-4a57-a387-52c89e02bf4d,69a62e24-d225-4d89-94b5-ae7f906b57dc,d9130d7c-e87e-4f52-99ff-ea84234f6f29,2025-12-12T11:50:00,German
397d4e07-e2cd-452b-9d9f-df9d5d295d78,67d8b4ad-4640-43f2-9c53-6b4929f30103,92a96396-ac33-4bb2-a703-f8aa43bff351,2025-11-22T19:00:00,English
fa7554ec-79c3-4864-b20d-d8964f09a093,2fd567ca-8efe-4948-bebd-a1a56f976d42,f143c984-3849-40d5-a2b0-6d9ed37bc07e,2025-11-03T18:40:00,English
9078256e-eb0f-4a04-8e43-286a9c9a36e7,8a99736e-dad6-489d-aa46-0ee02356e5fe,92a96396-ac33-4bb2-a703-f8aa43bff351,2025-11-05T19:30:00,German
2faafcb2-8dc0-4e57-b857-504de294cb9a,722c5ad2-9175-4d47-9f8a-d10e496d97f8,e16750c4-717c-432b-a04f-f09f675691f5,2025-11-29T10:30:00,Russkiy
9ea570fe-31ef-47c8-959b-3562dbd1ecfe,9dae46b7-7f1a-4d67-b808-9e9c1b622d6c,f143c984-3849-40d5-a2b0-6d9ed37bc07e,2025-11-13T09:20:00,Spanish
fb2260e9-a00e-4dca-8e0c-60454ffd2e9e,47ae8c16-2d72-4c6b-8a12-3dac47db6ed7,f143c984-3849-40d5-a2b0-6d9ed37bc07e,2025-12-09T13:10:00,English
67e9f516-81f4-4fcf-a3ab-1cafbaa099c9,f58f62f8-c6cd-4d19-adce-d4d1da14b149,c545ee76-5ce3-4683-a6f2-7918ea4b9601,2025-11-02T09:20:00,Italian
5b2de98d-a398-417a-836e-60ab20a6dcf9,ecdbf5f6-ea6e-48ad-8cf1-165f8682b135,d9130d7c-e87e-4f52-99ff-ea84234f6f29,2025-12-10T14:10:00,German
bbf9d85f-e42a-4e02-bb0c-dba03a50e4d1,3e78c42e-79c6-46a5-84ba-afca64de824b,92a96396-ac33-4bb2-a703-f8aa43bff351,2026-01-01T13:30:00,German
c6c5e973-1c49-4212-9593-59c1c2173733,62531f1e-00a6-4fce-ab03-320c8c0852e8,f143c984-3849-40d5-a2b0-6d9ed37bc07e,2025-12-29T18:30:00,English
42ce5ac0-cf2c-4f7c-80ed-e14a59f800c9,37887751-4d47-4e5c-98fd-9fa0dc90314c,05e81d16-559b-47bb-82e3-b8530bdbc109,2026-01-06T11:50:00,Italian
d089d862-c0b8-42cc-9a58-f1ccebbc0d22,81de516b-9d80-447a-a5f3-7f542dab2e6f,b385ae30-ab5d-4d1d-922b-1baee7f11e02,2025-11-28T00:20:00,Spanish
a76514e5-1ed3-4707-81ed-c2498fbb3488,37887751-4d47-4e5c-98fd-9fa0dc90314c,b385ae30-ab5d-4d1d-922b-1baee7f11e02,2025-11-07T09:30:00,German
f6893173-7854-4d76-92e0-73f648c4806c,4edba6e8-c8d9-4fe2-a682-124b91f87604,5b670ca6-a7e4-4c56-ad9d-3cd266bbfaac,2026-01-04T18:00:00,German
d3f30506-53d0-4714-ad04-af3caeb6a3ca,2c417aef-cf61-4d18-ae06-06ba2317f36f,c545ee76-5ce3-4683-a6f2-7918ea4b9601,2025-12-19T09:30:00,English
d621c2d4-09ac-4e32-b7d7-190dfd3e72f8,2c417aef-cf61-4d18-ae06-06ba2317f36f,e16750c4-717c-432b-a04f-f09f675691f5,2025-12-19T18:10:00,German
a73804d7-b89e-4d60-8edb-b99b87311c94,33b5c78e-cad2-4331-b9b9-a38ef8954dec,9174df91-bbab-4a3a-96e4-a815df880a07,2025-11-02T11:30:00,English
662930c6-edfd-4b56-b5d0-db5d5629f1ed,4ad5c73a-5c99-4e98-9d90-0e03b0986909,b385ae30-ab5d-4d1d-922b-1baee7f11e02,2026-01-17T20:10:00,Spanish
7bd9e295-28d2-4831-9233-543b009d0ef9,6358f21d-d22d-4f6c-b15e-7a1b7ba90800,92a96396-ac33-4bb2-a703-f8aa43bff351,2025-12-23T08:20:00,French
2fd23ec2-1945-40e5-ac5a-95de6197d586,dac8e4dd-9f17-46ef-9865-5e025b74bf9a,b385ae30-ab5d-4d1d-922b-1baee7f11e02,2025-10-27T00:00:00,Spanish
efd467a5-5617-4ad4-b556-7249efef2c03,34e41375-9db2-4e92-9f7d-76f36353f4e6,e16750c4-717c-432b-a04f-f09f675691f5,2025-12-26T13:10:00,Italian
3f58d912-6177-4f2b-a096-e81434333fb9,dac8e4dd-9f17-46ef-9865-5e025b74bf9a,9174df91-bbab-4a3a-96e4-a815df880a07,2026-01-16T14:40:00,German
281b3411-e035-4f61-b97c-8f1948e1cddc,2d56957e-9087-4750-8598-9d99f1933845,c545ee76-5ce3-4683-a6f2-7918ea4b9601,2025-11-02T00:10:00,Italian
8ac14517-13f3-4510-aeb7-eb407840ec41,21bf0f34-fea3-4cb9-b9a7-94e72ffacc8a,92a96396-ac33-4bb2-a703-f8aa43bff351,2026-01-02T11:30:00,English
c084dc31-6a5a-426d-bddf-4cc2dd2ac7cb,6dc440b0-7d0d-4e8c-8dfa-aacb16c25536,d9130d7c-e87e-4f52-99ff-ea84234f6f29,2025-12-05T00:40:00,French
85a18f1d-808e-4d67-ba42-e1235159c036,f58f62f8-c6cd-4d19-adce-d4d1da14b149,92a96396-ac33-4bb2-a703-f8aa43bff351,2026-01-15T12:50:00,Russkiy
d5902669-873b-4295-830c-40ce11c44869,9008a579-51a2-4cde-80db-8e277bfd15c0,abfab99e-fd61-4782-a907-97b297c4ca74,2025-11-28T16:30:00,French
e795b6fe-8549-4008-8cbd-1757fcb990f3,dac8e4dd-9f17-46ef-9865-5e025b74bf9a,92a96396-ac33-4bb2-a703-f8aa43bff351,2026-01-04T12:00:00,German
98f80e90-00ee-4736-ba26-1d504b062c58,4ad5c73a-5c99-4e98-9d90-0e03b0986909,c545ee76-5ce3-4683-a6f2-7918ea4b9601,2025-12-22T17:50:00,English
a89c911c-fe12-4099-8889-a0363af2aafe,979d4dea-2a55-46c2-a9d1-95d1bd7fab87,c545ee76-5ce3-4683-a6f2-7918ea4b9601,2026-01-03T09:00:00,English
0c96759f-afd8-444d-9227-da38545198f5,81de516b-9d80-447a-a5f3-7f542dab2e6f,d9130d7c-e87e-4f52-99ff-ea84234f6f29,2025-11-24T20:20:00,French
96d40182-f77b-4510-9a6f-40f675707f94,d01b25df-fe4a-4617-b8b9-ee0c60db6556,c545ee76-5ce3-4683-a6f2-7918ea4b9601,2026-01-16T15:30:00,Spanish
35ac80f6-efd8-4eb5-841e-65de6a13fee3,9008a579-51a2-4cde-80db-8e277bfd15c0,abfab99e-fd61-4782-a907-97b297c4ca74,2025-11-04T18:50:00,German
7bbddaae-7974-47cb-bca3-ad2def34dfc6,a3128f74-4fcf-4cae-b2db-d585516780d1,05e81d16-559b-47bb-82e3-b8530bdbc109,2025-12-21T23:20:00,French
640264cb-4767-4fe0-bb8a-b6afde77c150,2d56957e-9087-4750-8598-9d99f1933845,f143c984-3849-40d5-a2b0-6d9ed37bc07e,2025-12-30T11:30:00,Italian
e9e5633c-ad77-415f-9e81-67994d58e414,f58f62f8-c6cd-4d19-adce-d4d1da14b149,b385ae30-ab5d-4d1d-922b-1baee7f11e02,2025-10-29T16:40:00,German
80df2710-3fc7-4e0b-97a3-1c2627db52f8,1afd4484-49c1-4870-b60c-c754c4ce04d0,b385ae30-ab5d-4d1d-922b-1baee7f11e02,2025-12-30T17:30:00,French
3f140afc-944f-4b6d-8d8a-1b72369770d6,3844a965-19f9-41ec-9515-28393113f8c8,d9130d7c-e87e-4f52-99ff-ea84234f6f29,2025-12-11T22:20:00,Italian
5e5cf143-3a20-4bfc-81b5-af91e836a850,7c01f309-b5b4-4962-843f-9698ce3ede17,e16750c4-717c-432b-a04f-f09f675691f5,2026-01-07T21:00:00,Italian
9f569c34-1e02-47e5-9868-e487b542706d,138aca2e-a48d-46a6-ac06-c902efe4fd18,f143c984-3849-40d5-a2b0-6d9ed37bc07e,2025-12-07T12:20:00,Spanish
4cdfbe44-230b-46f6-90c2-2cae91783f0d,e52406b3-6af5-42dc-a087-fe3f73c2cb30,9174df91-bbab-4a3a-96e4-a815df880a07,2025-11-09T15:20:00,Russkiy
eefd5e2c-ae7a-4ca6-88f9-54e26bb5b938,9008a579-51a2-4cde-80db-8e277bfd15c0,e16750c4-717c-432b-a04f-f09f675691f5,2025-11-18T19:10:00,Spanish
263c7978-7478-4592-9bb4-c8ab988b0ea8,67021090-97c3-44f2-82ed-cf5f65828f38,e16750c4-717c-432b-a04f-f09f675691f5,2025-11-15T19:30:00,German
ad16604e-d0a7-4f0c-ab56-405f02971b4f,9008a579-51a2-4cde-80db-8e277bfd15c0,5b670ca6-a7e4-4c56-ad9d-3cd266bbfaac,2025-10-23T07:20:00,English
0a05528b-9696-4c88-aedf-4ce3d984376b,d3206088-b25a-455a-9323-1c8d5829b0b0,9174df91-bbab-4a3a-96e4-a815df880a07,2025-11-18T07:30:00,French
cd422c7b-72ce-4c92-869e-79e089d01a69,d3206088-b25a-455a-9323-1c8d5829b0b0,b385ae30-ab5d-4d1d-922b-1baee7f11e02,2025-11-17T21:50:00,German
8149ae52-06a8-4ee3-862d-98c7760a0fd9,24ce7888-3716-43b8-9d28-4239e17abe25,b385ae30-ab5d-4d1d-922b-1baee7f11e02,2025-12-17T16:50:00,German
ce4b6ea9-5ac7-4734-949f-a4014e05a7a4,cb55c939-b208-4183-9cac-dc086cdad4ea,c545ee76-5ce3-4683-a6f2-7918ea4b9601,2025-12-09T19:20:00,French
6dfb4290-9e74-430f-b12c-d2b3e2859180,cb55c939-b208-4183-9cac-dc086cdad4ea,9174df91-bbab-4a3a-96e4-a815df880a07,2025-11-22T18:30:00,Russkiy
04c7608f-fbe3-4a5e-926f-c73584742616,77ae4c44-0946-4323-afdc-9932fc01f4c6,92a96396-ac33-4bb2-a703-f8aa43bff351,2025-10-29T00:40:00,Italian
a3f47556-01e8-49fb-b16f-ddfb7583f71c,cb55c939-b208-4183-9cac-dc086cdad4ea,92a96396-ac33-4bb2-a703-f8aa43bff351,2026-01-13T14:30:00,English
a13bcfac-43eb-42f1-acdd-54bdc22c1f89,dac8e4dd-9f17-46ef-9865-5e025b74bf9a,f143c984-3849-40d5-a2b0-6d9ed37bc07e,2025-12-11T17:40:00,English
160616f9-4e57-46b1-8a50-8ad7efa1dc60,67021090-97c3-44f2-82ed-cf5f65828f38,c545ee76-5ce3-4683-a6f2-7918ea4b9601,2025-12-18T13:10:00,Italian
172ef98d-d23e-4064-a5d1-49e5fe0cedfa,08c2602d-87d3-4851-b7fb-2bad244b5357,05e81d16-559b-47bb-82e3-b8530bdbc109,2025-12-30T14:40:00,Spanish
5b4bfd3c-2f73-46f1-9fa0-9c7ea76c2ff2,0eda6729-995b-43a0-9a17-b89035543c47,92a96396-ac33-4bb2-a703-f8aa43bff351,2025-12-29T22:40:00,Italian
c6ae7d0c-3fa5-435d-af1e-7452c3e081d8,f9a7e8ba-2326-4fd7-b228-98060197c4f6,05e81d16-559b-47bb-82e3-b8530bdbc109,2026-01-07T11:30:00,Russkiy
8c7cf685-5c96-4845-988a-39f111a5676a,2fd567ca-8efe-4948-bebd-a1a56f976d42,b385ae30-ab5d-4d1d-922b-1baee7f11e02,2025-12-24T07:00:00,Italian
9b7993b5-a678-41c2-8592-5c7abe91a095,69a62e24-d225-4d89-94b5-ae7f906b57dc,c545ee76-5ce3-4683-a6f2-7918ea4b9601,2025-11-23T13:20:00,French
8cb2ef53-a2d6-4bce-b0e7-865d39f3d316,1afd4484-49c1-4870-b60c-c754c4ce04d0,5b670ca6-a7e4-4c56-ad9d-3cd266bbfaac,2025-12-18T23:30:00,French
2705db70-dcf0-477a-bc5d-3b6605454fb6,d01b25df-fe4a-4617-b8b9-ee0c60db6556,5b670ca6-a7e4-4c56-ad9d-3cd266bbfaac,2025-11-08T08:20:00,Italian
ed914b69-d72a-444a-a730-9f7246565c1c,08c2602d-87d3-4851-b7fb-2bad244b5357,d9130d7c-e87e-4f52-99ff-ea84234f6f29,2025-12-16T09:40:00,Italian
bd0f4898-f2de-42e8-bd95-674e0d2d5ccc,f9a7e8ba-2326-4fd7-b228-98060197c4f6,b385ae30-ab5d-4d1d-922b-1baee7f11e02,2025-11-23T11:40:00,Russkiy
e58d515e-d51a-4724-84dd-891e186ceeae,1afd4484-49c1-4870-b60c-c754c4ce04d0,d9130d7c-e87e-4f52-99ff-ea84234f6f29,2025-12-27T00:50:00,French
bdb3a1fd-6dfd-4f69-ae5f-3f659fac6c02,09901650-fe76-4f18-9bf9-e24256f4909e,b385ae30-ab5d-4d1d-922b-1baee7f11e02,2025-11-26T14:50:00,Spanish
9f22c28f-4e14-4e59-ab05-4b209b4d3aa1,c3820118-4994-4049-8719-6d71466870fe,e16750c4-717c-432b-a04f-f09f675691f5,2025-11-12T07:00:00,Italian
87db22cb-21b3-4ca5-9e93-2af5c6f1dd44,aa451009-5df5-4e3e-bce7-7ad1ac26b289,abfab99e-fd61-4782-a907-97b297c4ca74,2025-11-22T22:40:00,Italian
cd7a135c-fcac-43e7-9d50-06903a079ac1,e52406b3-6af5-42dc-a087-fe3f73c2cb30,c545ee76-5ce3-4683-a6f2-7918ea4b9601,2025-11-25T15:00:00,English
10028049-e464-48c2-9283-ee9fbb433ff6,81d5edb0-d9b4-4d01-968c-8eda5f5b6a03,e16750c4-717c-432b-a04f-f09f675691f5,2025-11-08T00:30:00,Spanish
dddef558-34a8-46b1-bb79-cfd568008020,3c16d474-f898-4cfe-b924-7c38bea20d5c,e16750c4-717c-432b-a04f-f09f675691f5,2025-11-30T23:00:00,English
0e0faed3-8cc5-4c07-938a-d49d3facce94,cf58157c-eee8-4cb1-af62-820e7aadb847,f143c984-3849-40d5-a2b0-6d9ed37bc07e,2026-01-11T22:40:00,French
416d4b1a-5763-499e-b79f-5b31b79d031d,4edba6e8-c8d9-4fe2-a682-124b91f87604,f143c984-3849-40d5-a2b0-6d9ed37bc07e,2025-11-08T13:00:00,French
21906f9b-023e-4d5b-ad65-269844180a57,33b5c78e-cad2-4331-b9b9-a38ef8954dec,e16750c4-717c-432b-a04f-f09f675691f5,2025-12-27T08:10:00,English
b3712d1f-0b88-4891-8546-432c2bd0542d,1b3bae68-e409-4055-a2c3-d5f42604c9b1,abfab99e-fd61-4782-a907-97b297c4ca74,2025-10-28T10:50:00,Italian
6d4e1418-b6bb-444f-a416-15a7dd91c8d2,7c01f309-b5b4-4962-843f-9698ce3ede17,abfab99e-fd61-4782-a907-97b297c4ca74,2025-11-18T10:00:00,Russkiy
fb707496-a5e4-434a-9677-a0f31aa80d67,9bc42e46-67c9-447f-be78-4ae50e491d93,9174df91-bbab-4a3a-96e4-a815df880a07,2025-11-25T19:20:00,French
c8c18913-58ea-4b4a-a0b9-9b4f91c230ce,7c01f309-b5b4-4962-843f-9698ce3ede17,5b670ca6-a7e4-4c56-ad9d-3cd266bbfaac,2025-11-11T14:50:00,Italian
7c449fd3-55ec-49f0-8a3e-4a054e60c6a5,33875037-f579-42ed-8aba-818a640c90d9,e16750c4-717c-432b-a04f-f09f675691f5,2025-12-21T20:40:00,English
bfcf82da-49fd-4959-b32b-8679c13b9886,09901650-fe76-4f18-9bf9-e24256f4909e,f143c984-3849-40d5-a2b0-6d9ed37bc07e,2025-11-24T19:20:00,Russkiy
9b47b4db-c325-4a40-81ca-e9d839864587,24ce7888-3716-43b8-9d28-4239e17abe25,5b670ca6-a7e4-4c56-ad9d-3cd266bbfaac,2025-12-26T17:40:00,German
2294dc05-be8b-4c97-b6b3-287139148c13,85bbf311-5929-482a-a259-21f783c36c59,c545ee76-5ce3-4683-a6f2-7918ea4b9601,2025-12-25T07:40:00,French
e3687deb-f04a-45a9-b563-12695e6c525b,cf58157c-eee8-4cb1-af62-820e7aadb847,b385ae30-ab5d-4d1d-922b-1baee7f11e02,2025-12-01T07:30:00,French
d01e299a-f867-45c3-9b5b-a4a45962d157,e52406b3-6af5-42dc-a087-fe3f73c2cb30,e16750c4-717c-432b-a04f-f09f675691f5,2026-01-12T07:50:00,Italian
0ea7b813-e3b5-43d3-87d2-f9073798f62e,ecdbf5f6-ea6e-48ad-8cf1-165f8682b135,c545ee76-5ce3-4683-a6f2-7918ea4b9601,2025-11-14T15:40:00,English
53301887-5912-4c52-82fa-a1a48012be44,4ad5c73a-5c99-4e98-9d90-0e03b0986909,05e81d16-559b-47bb-82e3-b8530bdbc109,2026-01-07T07:50:00,Italian
7fee2d17-2ca6-46da-ad12-79403313f855,1444ba20-39ac-43a5-bccc-1cc41c2f03b1,b385ae30-ab5d-4d1d-922b-1baee7f11e02,2025-12-12T12:20:00,Italian
bbfef96d-65a1-4f25-9419-a8cf945401a1,5597d267-e508-4a43-8244-f8ec9fdecae4,5b670ca6-a7e4-4c56-ad9d-3cd266bbfaac,2026-01-11T19:40:00,German
608fc3c6-4861-45a4-8003-aa41c7046cd8,5fb1457b-691f-48fd-aeca-0103d0a88833,05e81d16-559b-47bb-82e3-b8530bdbc109,2025-12-10T10:30:00,Spanish
3e4de862-cd72-41a7-b5fa-a3961736884c,722c5ad2-9175-4d47-9f8a-d10e496d97f8,c545ee76-5ce3-4683-a6f2-7918ea4b9601,2026-01-09T00:50:00,Russkiy
e242d45f-0d44-49b2-8e00-54813ba8facd,1aa28ea9-5df1-4ce1-a2db-7524bfcfd4ee,5b670ca6-a7e4-4c56-ad9d-3cd266bbfaac,2026-01-17T19:10:00,Spanish
abf4797d-1669-4d24-915c-9afbe25deecd,09dc474c-41e1-47c7-bd11-8bcc61aba3cc,05e81d16-559b-47bb-82e3-b8530bdbc109,2025-12-16T22:30:00,German
4329f727-de3c-44e7-898b-9aff5744fc14,3844a965-19f9-41ec-9515-28393113f8c8,5b670ca6-a7e4-4c56-ad9d-3cd266bbfaac,2026-01-16T00:40:00,German
d3df3a6d-0909-4c15-b11c-ac27e319fbc5,33b5c78e-cad2-4331-b9b9-a38ef8954dec,e16750c4-717c-432b-a04f-f09f675691f5,2025-11-30T11:10:00,Spanish
635dd4b2-06ed-4933-886b-d5f558f10e64,9dae46b7-7f1a-4d67-b808-9e9c1b622d6c,92a96396-ac33-4bb2-a703-f8aa43bff351,2025-11-28T21:10:00,Russkiy
959f6e8a-30ce-4d3e-a1e2-dba433277b13,47aa0eb4-151b-4307-b50f-cdd5a44970fd,05e81d16-559b-47bb-82e3-b8530bdbc109,2025-11-15T18:30:00,Russkiy
e389d00a-61c0-4d82-8536-07d1414765a0,427354fb-8736-4fd4-9ea1-30b98d1974e7,f143c984-3849-40d5-a2b0-6d9ed37bc07e,2026-01-09T11:50:00,English
6f281fb6-f3a9-4a2b-800c-fd31daa879df,62531f1e-00a6-4fce-ab03-320c8c0852e8,92a96396-ac33-4bb2-a703-f8aa43bff351,2025-11-27T07:40:00,Russkiy
7685c198-e36a-4043-b75c-70a144b04ccd,9008a579-51a2-4cde-80db-8e277bfd15c0,c545ee76-5ce3-4683-a6f2-7918ea4b9601,2025-12-16T20:40:00,Spanish
eadc8eb8-eb86-4967-834b-21c592af45e5,4edba6e8-c8d9-4fe2-a682-124b91f87604,05e81d16-559b-47bb-82e3-b8530bdbc109,2025-12-26T23:20:00,English
a2945f5f-d27d-4fab-95b5-784fedc6a053,99f8ef2d-c0e8-4290-83a6-b460677b198d,c545ee76-5ce3-4683-a6f2-7918ea4b9601,2025-11-22T07:40:00,Russkiy
528d5110-e00f-4bca-8f71-de854b333436,6d0ed363-2c1a-43f7-958a-0e0cb6ea3e49,abfab99e-fd61-4782-a907-97b297c4ca74,2025-10-26T00:50:00,Italian
8f0e65e2-5168-470c-b552-0f52de7749cc,7c08735f-311c-4060-9637-87bee6bf9673,c545ee76-5ce3-4683-a6f2-7918ea4b9601,2026-01-20T14:50:00,German
b0447c50-d627-4953-bc25-02c479e5b906,3c16d474-f898-4cfe-b924-7c38bea20d5c,d9130d7c-e87e-4f52-99ff-ea84234f6f29,2025-10-25T15:10:00,Italian
374742f4-fc59-4f4e-86b4-4b006248500b,1444ba20-39ac-43a5-bccc-1cc41c2f03b1,f143c984-3849-40d5-a2b0-6d9ed37bc07e,2025-11-30T09:50:00,Italian
546d107d-f02a-44cd-a5c3-343041cbd6e1,4ad5c73a-5c99-4e98-9d90-0e03b0986909,b385ae30-ab5d-4d1d-922b-1baee7f11e02,2025-11-23T17:00:00,German
33b19bcd-2156-4bc1-a4ae-5f39d0d2076b,6c34f6f7-2682-4513-951e-96f325e7eb19,9174df91-bbab-4a3a-96e4-a815df880a07,2025-12-17T09:20:00,Italian
ca23c56c-9945-460b-a644-bb4a36d54f93,47aa0eb4-151b-4307-b50f-cdd5a44970fd,92a96396-ac33-4bb2-a703-f8aa43bff351,2025-12-13T09:40:00,English
