id,name,email,password_hash,birth_date,is_admin
45884a21-1496-45c7-81a9-dd4837cd3b05,User 1,afanasi13@example.net,8d16d87bd6507a301e3c40c192936c7e20a7216c67ee94895e01bbc14aa79cef,1937-09-01,false
64ab3621-92ab-4090-8640-da60b8eca9b3,User 2,dstanton@example.com,df3aa4c491f333b735e5cdf1a5c6e0330c6455fc59564d201c4e769fcbd6dc33,2001-04-30,false
aa1d5937-bf17-40d8-8df1-e37af2415ad7,User 3,rjabovapelageja@example.com,bedbef5fe595944c1e7484465e02b83ed768b43274d1cec6c267754c894312ed,1954-12-15,false
4b36e270-35f2-449d-bce3-79f7454c2ca9,User 4,timofeevkazimir@example.org,59e829c1f102790bdcf3b6cfeab85ac587e009b6889d4d272bd2b59bdba9fa6d,1982-05-13,false
d3cf9b5b-2231-4436-a898-73306565dd15,User 5,dannywright@example.org,2c9593fca8012dcd58e363811361b7e9063e68d75ebed3513110868e1e811d90,2005-01-26,false
683e7afe-0d5b-4bbb-829f-3f2d3b2d97fe,User 6,zwhite@example.org,5e79143b16784429e7c22dc13c03f7cc6f72d5b7bd1e0854d4b744a6c8069761,1983-11-09,false
b4bf55a2-d8ac-4846-9d78-8a2e99c0ae4c,User 7,bazhen2012@example.net,86ecf069626401fdfa11f754c13d38152186f3cf82b40e703e06feda361a56e4,1992-06-10,false
fedf7961-6086-49f9-a033-375e9427700b,User 8,roberta69@example.org,0ea864b22a3f7bc1d56941bd0cade2917cb88675b35f9105320c0bc7fc8d67ca,1963-06-17,false
1e7447c1-2150-4bc3-bf53-c4ff4afe7645,User 9,amanda76@example.org,6572f873ce6fcbe48394a6d0f55d78d7a407b5abf221ea63dfe28f5bac0b9cdc,1942-10-22,false
d802b97c-3335-4860-859e-c50171c568a6,User 10,amanda74@example.com,94da7aeceeb750b8c1e5cabf2013086d5ab125127e72dbe7db49f5f4e983553b,2011-06-23,false
2760dc56-3b5c-4e41-89b0-fc77e8dc91ee,User 11,avksenti_1971@example.com,8c458a4ba067af62084257c13858412b87990c0b8df89283045d561228d799db,1986-10-31,false
e74e25e8-0973-4562-a0f0-2c603caff5fb,User 12,nwhite@example.com,b5682c5ddab130d6ec82e968401a257eb03ebce1e588b9171d3a706a61500357,1989-06-22,false
972c7d86-6821-47ea-888e-72100d65eb80,User 13,levkiselev@example.org,6e2a215267b5e0d83683334a0841ffab77abb8c085e9526d95ba655393e3676f,1957-04-12,false
6da74ded-f7da-4eee-8079-bba7a837308d,User 14,mary40@example.org,72ff0c48bfaecb6a5421e5a3ae07d476ecf9d373097355d03d6988c967148000,2005-08-18,false
bef55667-bb05-496f-b261-47bb18fb2035,User 15,gibsonphillip@example.net,50c4757f71d65748c4f9ec56c20832afb6f18f030b83cb528e7f1fda04c1ebf4,1980-02-05,false
48051deb-22a3-4fc7-9a58-168446cb2af1,User 16,stewartteresa@example.org,fdb80380540d41c630a21e12a8a01ba7fec0dbbaa364a860c5de68d68a38c5a0,1936-08-21,false
ff70e2bc-f402-4349-8916-d7fd20ae48ab,User 17,jacobmartin@example.net,fbed57e0bf273ec4c647a02e58549ba24fc3c93aeaf05b1f048e58e2951a028a,1980-07-26,false
aa971391-aef1-4ea9-9ae1-d60e71c822dc,User 18,amandaharrington@example.com,f3a124f4e75f959a1d9f996624fb56c2f6b1b84bee14e835c999696762d7774e,1997-07-23,false
07df65a3-f999-451e-a391-b93d4bbd1b4d,User 19,laurenchen@example.com,0c9cf88dc07cf6b15f056de795b3c836c25e300b5dacc6f40122b1cadc39ede8,1973-01-01,false
3c6da43a-baea-485e-a77a-7f8b583a9090,User 20,fritzjenny@example.com,3e4c1daa538048785bb3e2d7e0286d9d6b08d756becdf5b3e945d9e74be303f7,1968-09-20,false
c5e88a29-b887-4b4f-81e1-746fbee6a0cc,User 21,alexanderrivas@example.com,522393ccd7e191ae7a6fe50a9fe9bd9babcc6a3b6a4c3a23d5049edc6c30a55c,1976-05-05,false
4c078253-a463-47b9-bb4a-7d129db7e062,User 22,heathergarrett@example.org,4690f480200ce2a7e267d6bfe7cb37d88e1537d1c3b741075fd1639243a3f640,2001-09-19,false
4e8888d8-cb09-4beb-a040-ff550f7353f3,User 23,ingrammichelle@example.net,9bd348db8a967a5e815bd290176d3164c5949e5decd2904a3bc146c57a24ad56,1959-03-01,false
6fa2b983-d76d-4216-965a-ce4373a0e27e,User 24,anisim_16@example.org,344563abe0e2f2ec9abbaa4aaf993c48a0ba945abe4ed3086817eac076e796a4,2002-11-22,false
30acdef1-9c35-42f9-884a-391510db96e2,User 25,christophermills@example.net,8b442f863596e1ea784404c6a1c6440a1dfaf9b1368dd5c4c8ce9d48bbbb9a0e,1966-03-23,false
ca6b5730-da76-468e-a236-082b76c663d9,User 26,natalja45@example.org,eb4cafa66406fcdc131238cca298e09d1582a2d9465774276c25ad50232b8bcc,2000-04-02,false
169690a4-5162-4519-be11-0745850c8348,User 27,williampittman@example.net,70978ee822ee9770837dec8bdefe29e81bf8cefaf76f37f062e20b55a880ddc1,1971-02-09,false
07fcbe58-9b47-48af-b7fb-97e9ede7c969,User 28,ipatmaksimov@example.org,20128e51a53026de7208e9d423d8ebeffb7aea2fbade5fd7771909b7021bfcd7,2001-08-20,false
3fd81828-f003-46e4-be5d-801e8a78c56d,User 29,ljubosmisl1982@example.com,4be670cfaa8094ab1c58459c8311ba63d413302e49e0ec70c7e87e28ebc6e378,1975-05-01,false
23cab130-a05e-4c7b-899a-9738dd52ee5a,User 30,adriandorofeev@example.net,3abfb9ae9eadafe2629f86621e6b5a4d56ca57dcfd910b9f4fadec9b46a94977,1990-01-04,false
26be2663-577f-4479-bb6f-c8be426be6c8,User 31,jose78@example.net,921d37164716338e1f92323c7ced70dd8bd2197ba08f07b6905d3e2fc20cd714,1967-02-27,false
8d5abf37-8141-4645-befa-fdf867ba8974,User 32,averjan1972@example.net,d04466163c6c2f127759243e81736db6cafaeffc516b5db8d72a04d50c8ce487,1951-09-06,false
e98da5eb-f968-4e5f-a1b6-3f7ac42a629f,User 33,halljason@example.org,195b9e608239a9a45d01117ae8a257879c2ecc16bb43a65d82a8b46ae915e160,1972-03-18,false
38ab1548-3cc0-43c8-a54b-88ea3928a654,User 34,belozerovanisim@example.net,cc0a3a2ba0e64d6808edf2e04ccb5e6121bff4f3945668ab7bb7c6bf220a336b,1990-09-06,false
0ee017be-f8ec-4e4f-9a21-3554145515d6,User 35,owheeler@example.com,38969f827f4ade823346b38c30c9914bd66d2050774b576084cd60a073ce7bae,1966-09-09,false
710fd783-21bc-4e8f-bd96-eb8b731b33d6,User 36,gutierrezelizabeth@example.net,2080fa3fa082ca43b8ef6474a7983a46b4b815ef84579d30d939e495093db2b8,1998-06-24,false
44da91d0-e818-493a-bf08-f246293544a2,User 37,davidovefrem@example.net,15d6f818eb2f2a82f4afa0b59a35ab9717e0be95839a54c19f5a6927c80f6cfd,1947-02-17,false
07aec9a1-ad2b-4064-94a7-d81b6c2bc414,User 38,jbyrd@example.org,73fe8a2f792c74a698baa441169622f6dd04d80e374bcf2df6945e48c5c41e71,2007-01-29,false
c1262ea9-a4e3-491e-8af7-83a2042f6d2e,User 39,vera07@example.net,1b11200e94aea0e547b468ffc9df913d6f1793d1c29baecf36f9a07d882732fd,1948-04-28,false
23cf6e3a-e4f7-4ed5-97d1-b7d2f751ac37,User 40,rogerskatie@example.org,b13668174d0b5de2790a4996e96d1feea2b4ffdcd821f194dd32e8dfbcf32c8d,1976-04-21,false
122488ce-e1cc-49da-bf48-ab37377b64b0,User 41,carolyngarcia@example.com,63a842f2f8e67ebcf2b69527b02fd4b79b6f75b13ae2242dd2f6242a2cd42f26,1969-05-14,false
e753fb8b-648b-4237-a990-274cea3ca5c0,User 42,luis27@example.com,008f87d6e3d3795ef173b5817d4cf328884ca9c27bdff3c7f08633fb023241ab,1983-11-29,false
d65e800e-f907-46e1-85a8-4609ea227d52,User 43,leesean@example.net,4ff642e03e358afa966923f593e81ca9edc309f9c6265be859ecde5569369af6,1942-08-05,false
a01c1e00-f6d9-4809-981e-08151d6a9daa,User 44,barkerpatricia@example.org,d581a79828569bffe2257810b9cd871f6e657451e301bd449f6dc6bc598b3834,1961-05-10,false
a37d5759-54cd-409d-8e03-b8b2cd572555,User 45,tanner14@example.com,6552fe15a917c1e91eb02e66e4d20199e2aeaec424fd1f1a3fdc393f17dec112,1960-07-22,false
e24232fd-67cf-48ed-b581-3ffb35fa0206,User 46,pdorofeeva@example.com,f97613d3fe480b6c34bfc9c6a5eeee99c1144eaf96f27f63eba998bdd47e8b91,1950-05-01,false
264f2709-8efe-459f-b86c-10da054e3d1d,User 47,ayersmercedes@example.org,4cdd9ce3572e925c309d5b4044a1fe3a0528ba3401002db32a6b6099b5e4380b,2005-06-08,false
ad3afa03-f63c-4394-a8fc-9e4f827b992f,User 48,titgerasimov@example.net,88fecc7bd49dcce1d9b69ab466fb9e85275cd3273f72ac7882b8d1c03f45913a,2009-05-21,false
f0bbd66c-71e0-405d-a8af-1375dbb13562,User 49,garyrodriguez@example.net,8cb1ab68dd2d8d8f6943afc143d30adcdda471d9ad86e5109a836e3222625d5e,1991-06-23,false
82d094d5-b3eb-4cb0-b3cf-e20bb251790e,User 50,shellygarcia@example.com,9a8e35bdd02b068b619ad7a54204b02777f32c4b3cadb5b2815cd3324b27e479,2012-10-09,false
d4416ae5-469b-4d82-8bb4-cb95f33ec098,User 51,qsuvorova@example.com,773ace6d0ab8c4f6c80748ec4e80eab642b07401ad1def7e71d0e8fc28b178cd,1968-11-24,false
6e7b8d9e-abce-4be9-9b04-ec7b82bfe234,User 52,mborisov@example.org,79aa70a7213e0f08c2ca8cab82daf1f0402aa9c45c1754ea844a1a99e8b29400,1962-07-23,false
4e464b4c-b11d-4d7a-9938-47d17ec5dd16,User 53,uperez@example.org,a54de9a4681d4e16fc36184dd4dbf601edbf745a09d5e7c838656358f851b12c,1991-09-09,false
1583d04c-2de9-42a0-9402-982b6fea7f37,User 54,wsmith@example.org,49c56465161e8fbc491354b3c9257c693fcec6958a5580cc290695022202c309,1970-10-30,false
3b3d9ebf-1734-41bc-8afb-caa1ad779338,User 55,zhohlova@example.com,adbde897d11c4dabf0927234d8ac616061efab28203089e63e442989bf77dffb,1970-12-14,false
560c6019-5bff-450c-85df-466edaa8172c,User 56,foti_54@example.com,d8c328f51698e0346950577147295005320b6ad93b7489dc6a828c0f74b3003e,2009-05-07,false
a9ea220b-4934-41a8-b450-63e961cfea9f,User 57,lazarevpankrat@example.net,2317cb7c4ce7b31cf10c02837aefc2c9333ceaae9bc69a46159c445b8ff790ce,1972-07-26,false
cb929310-4995-42bc-85a8-a951869c3494,User 58,nathan78@example.com,62cc53a435595be69ac036e954a0cf4ed9c8c8ca3bc6e847c603479b95be36d2,1968-10-30,false
05e6c57c-1a0e-41b1-bc20-dbffb1c251da,User 59,mathewhowell@example.net,0673f02b49a9d2f63c8aebe6903902d3f94e718e895cfc8ee614ad8adf880ec5,1983-04-28,false
d151e5a4-08dd-44b3-9918-db5fed8afd04,User 60,christopher20@example.com,d4ac4a2a60371366fcd1e86427e99378cea99a0fd95639bb7355cbc17d0a3e82,1954-09-10,false
b5450a1d-3fba-41aa-b776-a1a1f8f60dcf,User 61,vlee@example.net,c82f87580de48e349d7644375a3317018120036580643d34cee6fd99f36cc94c,1957-05-06,false
e47907b9-6ab2-44d7-b951-fa5863104881,User 62,haritongerasimov@example.net,4c2e91d6a02e076088fd3534a62ed091a6f49a8afcb76893fdb8a2ef20e32b5c,1980-04-14,false
398abf89-5cf3-4c2d-9c18-a0df2a0780c8,User 63,kulaginasofija@example.net,3b8b56c60d5000320e2813a8e601d7b5d99ddd0f55f981ef35eec5302ae53f41,1966-06-21,false
4ea0d1df-fef7-40aa-af51-22ae70304c36,User 64,krystalstanley@example.org,fa875ded31a49ea7bf116e7b92f0028ba18fe226a7aab5687687b06f8fc5f6a3,1973-07-15,false
6d16ef26-b5eb-43cb-b2de-821d74f87f14,User 65,perezchristy@example.org,a107d20905a9e2622b532c1c8479da37b5e5edf2e04c4da77cd757bde290ab8d,2012-11-04,false
d032b405-b116-494d-a1ff-7abcffa36fc7,User 66,donnabrock@example.net,5835cb71a71d450aab8cdf4faa59cebaa88dd05f1e7e9b2aec3bd0970cd44210,1958-07-30,false
72bf45e5-f722-48ae-8a83-927b5ce22c5f,User 67,ramirezroy@example.com,6864d9edb923c89f41a15c61981ced53c0d30ff67cff68df61a6591e7f9cd462,2002-08-31,false
3f3f2295-d8e4-4b13-b55b-6a05212bc5a4,User 68,trofimovatamara@example.net,5a75f3f5e5da6b9f18f778073c7ba70a2789c461e02ff03e21321e5eed7bdcbb,1945-06-11,false
195bc6ad-cba6-46dd-ba08-a3277894840a,User 69,milanbirjukov@example.org,9fb9afe9931487987cb2c06354cd7a5c48eee1fab6ee567c79ea0b8d0bcfc959,2012-07-19,false
1d530992-28bf-4066-ab48-a5d94f5f8715,User 70,tsvetkovaolga@example.net,010399373041c7dd85372c34a460b5e7076ded4465efca6f7f1e40d72714e9d2,1989-07-03,false
795e24db-2050-4d03-82f7-8a444eb85569,User 71,gostomisl_1978@example.org,4f6b3d5c0e18433f5322a2ea65494cd0347ba472291b7770f342917ce7ec7bd2,1948-04-14,false
12797d9d-d2ce-4e55-b196-771d8bd793d0,User 72,chamberssamantha@example.com,1d6115978f0ef68dfdd7bc2b6b87d5c1798034a8d9f382f623b7f758b411dc64,1938-11-15,false
b3f437ee-ce0f-4ad8-8436-676060e62da1,User 73,cheryl04@example.org,542d9e613433086fbcd3a1f83758385d1f7e98dd25ff90bfb0022e476aef3c88,1958-03-06,false
e5ff450b-41fe-4cd1-827e-962ea41913ce,User 74,nonna96@example.org,f8b53e86b94fa5a1b628d0ea77c400339ca6ab824d07f635f82414b6087350ce,1935-09-06,false
59657eb4-1823-4a6f-ac48-0bb00d3d762e,User 75,scotttammy@example.com,df7d8bae9bce89df67613469d8538fe8af2fdb7f692f6f0d22f10620e91f0e17,2012-09-23,false
288ac633-47de-4e1b-843b-fc5fee6565d2,User 76,gorbachevvladlen@example.org,c3fdfdb240abddeb41bcdaf8476a4b0507493cd7510fcb1a2c80e04b978b877e,1967-03-16,false
d48af087-86f5-4583-9418-52b37270e271,User 77,blohinaemilija@example.com,b21e63b801a6726b092425f62c477aa5dfd62fc26e6b238ff138c0d82b40e4e5,2000-09-20,false
5c09cf8e-ebc4-446b-992e-ca2283f18369,User 78,subbotinolimpi@example.net,acb4fe83c6e8a7c874eab8757d4b9b32d92d9f76b3253fd9501a3b4036fe3ab4,2008-01-31,false
99f7eda8-7d36-446d-b3ce-32302bdf7021,User 79,wolson@example.net,38092904ea21d6a025c12fb6a2a081435c05422faefa4ec465efa2cc2154cfd1,1998-11-14,false
e213ac86-f26d-4130-be2e-9ad5dccc0aa3,User 80,lisa57@example.com,7d9c6c44d8474105ec70ba8d65c626e883f4daf7657bc425bd5fee483c4fbc8d,1955-07-22,false
087f4e98-52a8-40cb-a550-2ae265ef0ed1,User 81,harmontroy@example.com,7468950da92973472aa8089ab48c5cb2aa749ad0622fdb67ea92c878ae929aaf,1972-12-11,false
644da957-e99c-4be7-9bf6-f3b904ec9ede,User 82,millerjessica@example.net,211d2682d0793b3839efc0c4edb81adb82afa7aa2adaa661677e84d622359b77,2009-01-22,false
3033486f-ad9e-4294-a8f2-eaaadfdeda55,User 83,mir_77@example.org,dcc00a00e0a041792723b05e96a4841cad56f6c6c850431c8db87ea69c57560f,2002-06-23,false
f943c21f-1a4e-4afc-861a-026723402797,User 84,edwardhumphrey@example.com,b22025c2c0c23f8fbf814c01c23173f934d1ccc388ba0937a7c2090169b57d91,1984-01-14,false
542b79ff-f050-431c-b0dd-14aec4ae9a6c,User 85,ladimirlukin@example.net,2f0912a6cae84ed206dc8812311529d9e9d3a2e0e0332f775f41bd6d22000a95,1991-07-05,false
d746785c-92bd-4fe8-af80-f6b80b1722ec,User 86,zday@example.org,ad7700ec4566f240b852dd3e84bcd3407231ca29da1cebcbd0d1e4ca8154ad69,1959-08-29,false
a2af5a56-7044-466d-b0c9-eb7a89e6a2b4,User 87,grigorevaekaterina@example.org,f63b8b846187400d3018898609d3c088e196a5949493704f5ec8f9b1d6adef67,2005-12-05,false
a6c69ce9-edff-4dc9-ab11-1dadf04dcca4,User 88,nikon_26@example.org,d0e5ee4176d82160d55fc99c63ca075f3b15e8e0747ac694362bded8761207aa,1999-07-03,false
8eb4ea5e-e13c-4c66-b039-9fcf783601f0,User 89,pcervantes@example.com,c111cb2e742cd1c154ed2ccbd88e8a07619e549810fce6a83cd27ea1c5fab74f,1952-08-08,false
77cdf386-e99e-4563-89ac-4bbc0e755fdc,User 90,stojan_61@example.net,3847e00cede71d937bcef7be9d06071c8d9eba915ec62729cdd95409fb2c5d84,1953-01-07,false
5d389068-9418-4df8-b983-edc1a811b766,User 91,alexander84@example.com,50c2b0326b0ca436b50d111bbd97c50b5b7971a52287eafed13bb762c4a8fac6,1991-12-10,false
accc57ab-d203-4ed7-a95e-22b14ff8aeb2,User 92,paul58@example.org,c723af3be7c35cffdc58b60cd346a28a3a2693a08dead22936ae63a609317809,1936-01-22,false
cc3f959d-cb33-4571-89a8-d834fda07fff,User 93,ernest2008@example.net,92d17a2ac1843527b0503773b70390f0c9c620b126cb968b590e4789123553f5,1949-09-28,false
2f805447-8aab-4a04-966a-b7fb7e6ee460,User 94,lance32@example.org,3d0153c73e6b5581a45199449ef34ca076b2a92ebb8646644ff50a9967bd5326,1957-06-27,false
0970bcf8-6d6a-4911-a65c-7e7f07a42750,User 95,nicholas17@example.com,f2d8e81623679250b4ddd1d54c2342f558ad3469af8fd2ca004afe091ce87497,1993-12-04,false
83a8724b-a349-4edf-8ab6-89f7c298861b,User 96,janetfrancis@example.net,6a7c02bc09bf67f9412fbe5ecda972266b6bebc630241fabaabfe1538179d45c,1989-04-02,false
bff9d249-637a-418b-8d7f-2d11eebdc522,User 97,lrobbins@example.com,bdc5132078a32a8067af4ad22286c0ea6f97f5c8491acbafb36f93d128988e3f,1956-04-28,false
372f3fe3-818c-42ec-b171-8b3b36a32ca8,User 98,crawfordjames@example.com,c66d2d7624b6f219df4382629dec73a4ab0e2ea758ab535bb63d8067e35cc13e,2012-09-21,false
16303fcd-cd23-43e7-82ee-476b41c6c981,User 99,johnsonashlee@example.net,15b1b3468dee9a7b1621f1b6713049bade369922a365a767ef0cc7f0936c496b,1968-09-19,false
44858d50-0053-46a8-94c4-b728fb72289e,User 100,jonestracy@example.com,ad9ce63b231e169d48d0ec5a1686897c581c318021adbaaf77b8305a84fdb04c,2001-03-11,false
2c3fa6dc-e93c-496a-9441-893324dd83f8,User 101,petrovelise@example.org,76f4287891958615cc27a4fc61479b81c9736b40ed28844b8596db4b370c5a22,1942-04-11,false
3680ed5f-8cd5-4dec-9ced-7c83bc2309be,User 102,joel06@example.net,c2e1f50a30b06d338dd6039f2266d7d391dda531ff4270a6008c0cfa44aedc5f,1992-12-15,false
0787362d-3798-4e3c-893d-6407b6d84890,User 103,wallerhector@example.org,2a13616b4d6cef02942a320d7345133a7c131879035fa2c80f267b71767abdb7,1981-02-03,false
8b8c4934-061e-4437-9096-e46939884801,User 104,timothy29@example.net,f28d51d1a358aee45131fb2f8e677eb40f859fe839f219bfa722b2d6905e5ed7,1968-12-07,false
af43c2af-7a3d-4fa7-bf8a-882ae474cb42,User 105,stanleyjones@example.org,4983721713a5caabd416f1a2a40b48553856dc52e761d10efddd6cb6c249115f,1937-01-14,false
d2dbcfe3-29f3-405b-af1a-2b2c40eee7dd,User 106,smirnovavtonom@example.net,d944c1f6a492072ae61227b5b7f68fba8ef6976b2fcbefd2ae462591d5fb970f,1951-01-23,false
3534d729-23aa-4eb3-b477-444e965a7a02,User 107,kallistrat_1984@example.net,cdb1e134afac72bbfc89ab59626784d9fd076ee07718efc622e8ed08670714e9,1971-07-02,false
0a1400df-31ad-4352-bc08-b762b6fe752a,User 108,albert65@example.net,3fc8031e542153962f7cd801d731a61eb44f62d0e344271055603dca405c5b48,1961-05-03,false
8626635b-9df1-4240-807b-b278f1f8edf9,User 109,jessicaanderson@example.org,bb53d7f6f62f399dce0310fe06464d9864b76b4c3e8cabde2b23d73fc3f5ae9a,1968-05-02,false
1c184479-f701-4f1c-b95c-2d85a627a3b7,User 110,narkis_97@example.com,6520dabf279ef8ea63b4a5c2472677c6aa7a00436806e88fffa631ae6041daa6,1989-12-29,false
6466f1d9-8d7c-4cd6-a44d-29d1aa369e4f,User 111,rubenkuznetsov@example.net,517e2e7eeda6d521b86a2bc8645174eb9f8c448964352ac8e824835760c8f7e5,1996-02-24,false
5effd39c-b0c4-4ea3-b31b-6e54a6574c9a,User 112,kovalevstojan@example.org,012a116b4d1d152536d39718368e317bd23c8d1a40a6a04d9258138ef2589523,1985-08-19,false
37e79fc4-d390-4580-afb7-08c6f754e858,User 113,nflores@example.org,db239cafd8b9bfda2de7decd03ce037ade092c5fd7f07ce00441e6fdf8de427a,1950-11-06,false
5aa82c89-ad66-4513-8000-87d727862a13,User 114,melissapeters@example.net,473acde825c5f4317f2e0fc8046c33d2cfef2c392e0574cbcf13c6f9ee15b6bd,1948-05-02,false
b7d19144-8e6d-40ff-80f6-b589130113de,User 115,zinovevaljudmila@example.org,5d7dcbde0f30c7fff36b1282716ddd1d5c79d165c95d2d9f499fc34a6c96761b,1997-01-07,false
733dd5e7-41af-4030-b957-70ff9a59df54,User 116,tiffanysmith@example.com,537327ae392b878cb9c57cc842314d80a8b80031cf3e8b06dc012717cf833b4b,1988-11-04,false
2df39ed2-8d55-4073-a236-0d1483999e8b,User 117,stojan_90@example.net,314d3383824b403e994cdb07fd46731193db18d5eb7696e34f3d5f48cd6da74f,1983-07-23,false
56fe01d3-a9d7-4926-b9a6-941a99feffaf,User 118,robin41@example.org,beeff5b2355d7af08a85220d10829d6cff5edd48bd1e440c2c0717dbe16b86ce,1997-09-14,false
3006fd4d-ebec-48c5-bb87-e9623ae3d33f,User 119,ilinaija@example.com,fc6010b437ec766464ea826bcabb3a8068c78777b85b6bc845aeb14b93d11fee,1960-02-10,false
2e40aa0b-d348-4f0d-a1be-e3113f2f2b05,User 120,ladislav_38@example.org,20d032f7a31727359b8baa1eb9cea66a695d1302761a6e5fe6dece221e7d897b,1946-08-28,false
a52c6f84-0d1e-4010-967f-950ba63e9dac,User 121,brennannicholas@example.net,566f08123c28cbf94807bf9a6076ef09ca66e515fe49d7dc89512c6c0eaa139d,1971-04-02,false
be8644b0-1a9d-4976-9507-b01d850ec5f0,User 122,carl15@example.com,c70a6500990696440bfb42f9ec5107c088ac04051ce5fd770a21cd1b78a8c427,1964-04-13,false
343840e1-a0f8-4fe9-8555-99aba1b80ed6,User 123,ghess@example.net,06c876d6207ff25a9d40ed0e3ac6d01b66bd1eba4ac4fbc33341c7fadafe421d,2010-04-02,false
41036b90-0fcc-4ce4-a9f6-35dd60509522,User 124,velimir1978@example.org,26204e7561afb3358f2d00779738135dd3786c38ea63f1db0e46a78679fe7823,1980-12-25,false
6181364f-d44d-442b-90f1-263f66f8ede3,User 125,carteralfred@example.net,71b2c9f4c9e04ec24433d031224b5f7815c45fe93835bedbf58cf92d073ea9d0,1968-10-04,false
f35463f1-0560-4ed7-b67b-96d5abf80fb1,User 126,willisrichard@example.org,e3aa06589a25300d9aeb74d2e0b121c7a197b6a300e62ecae8f040227a37a202,1966-02-08,false
85ec75c8-a649-44af-88fc-eabcbe67d275,User 127,turovtihon@example.org,74794c0f1d5639107ab5939b1d2ccdf40f09eae8c863312742cebef64466fd40,1961-09-25,false
670f4120-0a6c-437d-a583-2f3a5b1db879,User 128,zikovuljan@example.com,8fc8d932b00cc0f33424813311d278dcf17c7771b34ff0468f6537de51dda2b8,1999-06-08,false
aa6b681e-3a5e-4d4d-9cf2-28df2edfc6b4,User 129,joepatterson@example.org,ad37b65197b8f1845133fe44194cfe989d8f498ca0efa62ed958dc803ebaafd7,1940-08-09,false
1e68e208-773d-411e-b7b9-537e48e61d51,User 130,katherinetran@example.net,5503e2193452803fe89f085241052847199020aff147ddbbe13d92cb07fa943f,2008-02-26,false
7af20292-c0f3-48a6-aa1b-cd177d5e0062,User 131,akeith@example.org,fa6bbe5851ce1cc218d4f60adca9086e25d4f4a0c4b1d3758d3b2dfc75d3771e,1995-06-30,false
7975af96-8c01-428c-860a-a68452dceb00,User 132,ostromir2001@example.org,d2ea765a5a0354a80d63bdc8ac3f02f9c0968d02d6f142099f62326aa580f65d,1957-10-01,false
923704fa-1e9d-474a-acdf-8e82de81996a,User 133,romanovizmail@example.com,214f42ea70c13d8c6daaddd8e728f65365df4438a7f8562d279ab9217b714e5c,1989-10-13,false
395de405-634c-4679-b73e-894036a83722,User 134,james47@example.org,13484eda47825e9fe17524d19896e93f3833c0ea9d067b0d7c0088c315579501,2002-01-14,false
d3929312-6e42-436f-b4a1-fd1ca0ae4d21,User 135,evgraf_2008@example.net,ece61ab4e1b3350cbfda67f2b0cd9e9f7cb88e4ed1cf095a0a5daf0af05917a9,1974-02-02,false
ba1ac558-fef3-4fb8-8c1c-81904ad10b7a,User 136,francesharris@example.com,0cfdc89c08463e58c37160262dac5f15a5837473966876b3dee0e6072996a071,1954-07-02,false
9dfbf5a8-586c-425f-acf3-927567fc38ce,User 137,jsimpson@example.com,51baefaa1f829ac0aa17eb1086e9cd107cb0d212beb02341bc0c5e76b7c51a0c,1997-05-25,false
25c201dc-152b-4cdf-b0ad-e316cea0b056,User 138,baileyrobert@example.net,0c6b8f38a180cb000d1a39f2441546c4728da3dcaecea881ad5738edfae44841,1967-04-15,false
809fd00f-e147-46d0-af75-5e4c5deddf1e,User 139,gaynatalie@example.org,e9fdd6afde1dc7c5317f708781ff3300f3be223a0d27729b5dc99c927ae012f9,1937-10-01,false
eff6a1f7-76b8-4a24-8b1f-a1f7774f710c,User 140,barbara99@example.net,515a220afeca744055e10c6fe72dfeb851cda92f86605de1ccb87f54c76a3e0f,1960-10-15,false
0af31a9a-5dc1-46f6-b741-40b3ff99fbc2,User 141,svjatopolk1986@example.org,96df3b5739278cc96b99615d36221bdb8df1cc545703fc3b056d1545743642f8,1978-12-23,false
ee59a29e-d65d-47e0-a61f-544a5c6dd833,User 142,blohinaanna@example.com,e9357e1ebbfcc645b82968753422d2ae0403cbdcebeea04db39e92d949ec7193,1979-01-22,false
82c15435-26f2-46ec-ab66-43cced8701e7,User 143,heidiwatson@example.net,f03f8a2d80464adeedb71b6fe1d23a8d04704a918dec51311fe7dc837f45ccd0,1982-04-04,false
891d16d0-1b7f-46ac-ad30-0ae476b980b5,User 144,yselezneva@example.com,adfef936706ddf56009279112b2b192b19ff31e558207c1b1ed58aff4bbd6484,1942-02-21,false
1b64360f-b057-4560-9f9e-102ccda718f4,User 145,walterbaker@example.net,ac9ad5c428a04a4a6f2c3c1b97a87e56f30ab6bf25acf28957336cbb23c0533b,1939-06-20,false
3cb65fff-cb00-4819-8496-4642cdcbebb9,User 146,anike56@example.com,1efc230c5d3c6c085040fff66088f9ca47c15e56aa933cf214016f08461a2b17,1977-01-03,false
986a7b6c-718e-457d-b274-1a1a53869d66,User 147,nikitinzosima@example.org,cfcca1921a4b835659f5b05ee1b38a96ae55536e17bd04212bd54717cb66ac54,1958-01-04,false
d43f70e1-9d2b-4aa8-a59a-6854ad63ea8a,User 148,larionovboris@example.net,808cae617819584e90ee7bc2dcccd9659760902db0a4eec3b1a96dfb2f50e14a,1975-07-14,false
f30f4f0b-4a1c-4045-b189-1f204c32c9d1,User 149,ooconnor@example.org,4039bed47d085b9a5434dbaf5670bda0e33f19ddbf5759057229b8f128e9c022,1971-11-04,false
98619352-2350-492a-ab62-12c650259081,User 150,margaret77@example.net,7f378330a6458cd63d8e1b0e53bce81f61c3ab3e02ae2672f9d03e1cd3b4c21d,2005-11-12,false
f1fa1710-076d-4525-8260-44a9fce6cbb5,User 151,harrisdamon@example.com,3ca4bd9c9d9723d84f44aca393b36eb35633e2afbcaddaef94fa985ea7f71902,1944-03-25,false
b32b3f65-979a-4206-b2fa-8fbd210125b4,User 152,sofron_2013@example.org,edb18ac85f7243efafa19f129c8ca84ca1bad0b6a15d1febeddb118d644932bc,2013-01-30,false
82a26cc1-ed01-4bbb-b59f-1d9a9e2a640c,User 153,carol67@example.com,9ed222eb6e9a9b5a86113405bab52007bc3f96a8c6dcfa3176955913c211080d,1995-03-17,false
4caa6538-4dd1-4b12-8f7a-d52904005052,User 154,robert33@example.net,89f99f6ea06948e8a5a3d6f8850764198204019cf663baad13e9a88dc9af3b3c,2010-11-24,false
35bdc53d-57ef-4e36-a9de-6287ead8bfb2,User 155,max82@example.net,b875478c154621e95edc7d436ba03900b53b4c9442667fd3baa3e8d10abebe80,1950-07-02,false
e16fbd3a-e35f-4895-8829-dfc3731590bf,User 156,owensemily@example.net,f91eb0e68612cf7b6d25005d14ff09330767c4ae7553911a2596c70cb1672c67,1935-08-17,false
28243c64-10a7-4706-be30-d4dc0c2a676f,User 157,georgi_1985@example.com,9c3ab20aa511f1f8b739985b6a42deaf0e37600e378924bbfdfc6c7cfd4f4e41,1935-02-17,false
2aad9ea0-ff4d-4895-95c6-587a6097a884,User 158,krilovdorofe@example.org,e350945f6f420d717909df745f3b742344bcb817f4308b55439830eea853da8f,2001-09-20,false
8a6fc76d-c3c6-4488-8681-5b05a582199e,User 159,steven22@example.com,0e83cf297bb2085ec30aa0d92cd8bd5ab322e83bc53eb8ad75a1216e61b74c87,1961-02-18,false
f448d435-4272-4610-babf-64c333f4fe0d,User 160,bikoverast@example.net,d296b9ef126ab93e5074d68404e32f02ac867f2d79d0324f6a8ed38cdaa6f393,1983-01-29,false
64c7bdcc-e87d-48ca-aa56-62b9104794f6,User 161,cardenasjennifer@example.org,0857022478041bf3680ff540f953bffb1ddd659c1b801cffe42a12fc7d6848f5,2008-04-13,false
c12b26fb-ce1b-470b-ace3-0ba335fb2fb9,User 162,allenquinn@example.com,3e597a5fb1bb9999201d4c11ec3029adc47e96e6046d3477e9ffdeb05d032d51,1947-03-02,false
9fae724f-1a3f-41ee-a81e-c478a75ab82e,User 163,danielle74@example.org,7ab813f9e59b8f044fefa496bc1ef606d9159757581749775e91cfb17083d850,1943-05-27,false
91492fc5-e82d-4743-95af-0ea161f06fed,User 164,kozlovgremislav@example.com,d13408826a149be5f79bf79f34a4c614cde184a102cf1eb823abebad60438160,2010-09-22,false
b6033adb-78a7-4f2e-921d-870bcb7371d7,User 165,collin78@example.org,21bc11cce62fea9eac61c7dc487f96110f971872204fa8ee666845caf0daec73,1948-11-30,false
729180d4-2284-40bb-852e-c3ad4fe47e32,User 166,hardinkenneth@example.net,d5de8484b65fe6781efbcb1fd8bb8fd1e11af91961825868ddf8af470727b203,1952-02-18,false
9d0179c7-81d2-4f10-a65a-ef9003f0e7cf,User 167,rhancock@example.com,81e0ed32154ac147712f1cdc4e0c86c4b54acecd573fa27afc193b3c48fc6eea,1980-02-15,false
f14dfac4-5356-4317-abe1-c78621e417fa,User 168,jreed@example.org,7649eb60bbf38448035bbc03d298b5643ffc15f4cf1f6f54753c0794bc14232c,1998-08-08,false
10b709db-11f6-4859-abaf-5eea1283c363,User 169,biancanelson@example.net,eeba9be1486ee87a83f2aecebab7f6aeb47d87ebe493a14fe5a3175d7737e6a6,1996-02-03,false
764837b2-5263-4b8d-b8ee-d25c168ff48a,User 170,linda77@example.com,3f4db69f5dd17182d0c5b4941938e2bf50b9c2c0bf382215c81ee8f57eee53f7,1983-10-04,false
b307c0a6-e9ec-48c4-b4f3-08bccf94256a,User 171,brent96@example.net,e1c9d1cb64df717908f446514acef185c3ab9686499ba3e54dd0c074e272ba45,1999-01-30,false
322e6b5f-87ac-4b6f-b973-62bcda83bf9e,User 172,joseroberts@example.net,71d647578faafe95392d053e079adbd42b7245e77b56bd27aa72b00027bae7a5,1964-04-21,false
7bb132c1-2ce1-4a98-9cfc-d91a81f11b48,User 173,seliverstfomichev@example.org,3da7da8c8a6efdea3e75ee66299ab80274cd816e2b9cf83849e8c1c39837fd1b,1974-01-01,false
f53ebde6-9831-4878-af7b-094550ee5eaa,User 174,jhutchinson@example.org,f27362d20182ebc40be368cfcfa5f2f499d422ac36d27d47101ae4048368aee2,1958-04-12,false
ed0bdc78-8ceb-42f2-b3dd-c86cced41af4,User 175,fmurphy@example.org,b956629e56452de4a3b4326c153aaaefce065b92b6f6b1e361a8afcea07c2d5d,1978-05-24,false
6ec56d4b-7d7c-4440-a751-4cfa3721483e,User 176,bolson@example.com,da8e274488d60df13f6d2be9967298d735631d76dbff9fdcee18a21eb00e360b,1973-06-24,false
392f1ecd-c76a-43f6-bd60-170588d23edc,User 177,blinovafanasi@example.com,2816ae61308e583f1f6af5f9abf7954a798a6440bf4c00c55384f6d30f3bf3ef,1940-01-30,false
0228a653-eb6c-400a-852d-ffbe6a97903c,User 178,shellymercer@example.com,81bef7f55d5e4f18065e6c939ff9317d8e9071eddf98ab627c46f4d5a87d40a7,1987-04-01,false
e78284a5-55e3-405a-b135-d915adfba02e,User 179,mario23@example.org,5ceced13c1b55f07be087e450e5208b8ef2345b211f411dcfaed92c822692551,1956-10-25,false
9d094be7-1ea1-4e58-86b7-9faaca9a2498,User 180,doroninaregina@example.net,288f0bb0abd05df9dbc3378bd2694b39a890bca3a481c60658264d8c036b0b0e,1964-07-29,false
4adc1296-57b1-43c4-b620-bd28008f2a99,User 181,ashley68@example.net,f2f321480de11d9863b97a847c9df7d6370441650f9f693265d4c125c3fece90,1959-11-08,false
924b9891-88c9-4ac6-82b7-f12fa3caf589,User 182,moke1982@example.com,b4bc07a1ecd8c836dda4f7771d8116ffc823ad7f708f419df1e70df490e6c066,2007-11-05,false
90dbeb42-c7c6-41fd-9124-72d9a3a955e6,User 183,trofim_62@example.net,864e26078e7982ec62cc61e933470128087367bb906f2cc93a182c43c38c7f3f,1976-05-09,true
81433bac-82c4-4d47-9ffb-c3473d175a8c,User 184,odementeva@example.net,b969c316422fc6e1261ba3dc1863e8c8c44f6aba1ce8702d240190d64dc74693,1972-10-22,false
8eaa9d98-5121-41f3-ab09-b86331868037,User 185,kulikovaevdokija@example.com,881e4ac497ae61942b7645aaf17d8a30aa54eacbbda45317e762e5d624d9ee02,1945-07-07,false
d6f28d71-3ad6-4ac1-a847-2c8d467a25e9,User 186,silvaaaron@example.net,701617d021fdef2db40cd927b83565c7c7c8abb5b84cbe884a042bbc8ae8fc22,1987-07-27,false
86d4165e-f883-4468-a696-a582217b7ea4,User 187,ijackson@example.org,9f83e02c53eeafead128b289467e47fcf99e7a7c807d24564ba6ba54c57d41cd,1938-12-19,false
f5dab845-0348-4aad-8154-5b5fdbcdd098,User 188,semengordeev@example.org,7e00ac9100284990e41b5d828d248c79506a0d97765911b73c8a5ed72eda60e7,1965-10-24,false
88c48ea2-2bc2-40f2-80c4-1a8f54151af5,User 189,amandaallison@example.net,b4ccc523e92d9ca21b3c02e6bdd73fbdd1df96016b07626c62f1e5e545b93764,1991-08-25,false
0e04b81e-d618-402e-ac1e-9b33e4f81aa4,User 190,lisa18@example.org,e2e86bbcebca5052305d0e97e7e6032c2de1f0dddbb1c46d3b461e26a25dc259,1953-01-10,false
76b6d1f9-2671-4d5f-9c79-8dac743885b5,User 191,mitchellparker@example.net,9ee43d5169bef35f31ebf15276f660927f3bb7cfa8ea4eae0364486e9c978620,1939-02-01,false
733119c7-56b5-4a67-b3d8-f7acd38000c5,User 192,christina42@example.org,0f3086127e42c3103c8563d4e523541167a9ca76d6e653f1383e0cfdc563c059,1944-09-29,false
a62a6071-c5ec-48f2-ba03-ae905430fc4d,User 193,sdelgado@example.org,93a88169985503e502a8a2d583d71054c53a432673eaa95712e3a262468df1fe,2003-07-27,false
e8119fa6-c904-4184-ba24-84b0515021d2,User 194,gostomisl_1972@example.net,fa5d0d4b493829b32677a2e8c80afb435f8b4d1851139830216ea0c55d0db703,1958-02-24,false
2a0e0de7-91ba-4fbc-87cd-c92cb0980b8a,User 195,lapinruben@example.net,b93362a6be42e1153bcaa3fdbb7f7fbf5985ea3f96c9f350d9edbc2419af818b,2003-01-26,false
283ec9ba-4547-4d4d-8768-f22cb498a13b,User 196,martinjimmy@example.org,16ad80ca0fbaa39b86ffd1b5aa47ce8a782899bdfb941f98b60109922f02d43c,1935-11-04,false
26f7bfa8-fbcf-40ca-b12c-ae34414a4706,User 197,bennetteric@example.net,1bb3c5ac03b84da917271ad36551af2719e2a2b21b04375034ef799955023bd7,1961-05-18,false
b1f58419-b7ed-45f0-a4ec-854bee102098,User 198,nifont57@example.net,bcea86c6121cf10ebe4036de072efec6d5ac0dd82728ea79724acfce6cd14b3a,1978-09-22,true
b35af15b-6ca4-4228-91c7-8ef52cc00849,User 199,odavis@example.net,4bc32046d788be9af85cbad26255d965c1370e7cab2242f2723d05b8bf5a59bf,1964-08-31,false
a7af8735-e485-49dd-8aa1-23518677ad21,User 200,vgood@example.org,1276cf1d4889b84928931d7c0f9cb1acf0279d4b5fbcf90756f4856fd5733245,1949-03-17,false
f507c9a5-2532-4eb4-bebf-24fbf9ffeb3e,User 201,aleksandra_1984@example.com,57fca40551ab797587b832c88f5761decd965059b7330be89b5dd27788e0fac3,2008-06-07,false
dc603d06-9915-417f-85e4-4b39a831c109,User 202,martha71@example.org,c2249a7cf0d57c4eaba282dda83b3de9715b9e28ff2aebd54ee2bec818f4c603,1993-11-28,false
172c57e6-de14-48b0-923d-697819aa2695,User 203,ermakovaklavdija@example.net,7ba8dcb74ec2a549263635994e6c21394f30e696f13457f8d71f8e55822929c7,1955-01-11,false
06173a24-32fe-4d33-b522-0653f623114d,User 204,muravevorest@example.net,15d2231063f405b9f0a543e826276116d616fdbfbddfcb3a150b844611830ed9,1963-10-10,false
350e2730-d825-4d28-87a1-a9b65f16bae6,User 205,avksenti2021@example.com,e5ba118b7822bbf17cc8d6e5e035ee26419912214abb6f4eb9bc7cf796e28c87,2004-06-23,false
c66550eb-8533-472c-b3d6-4699bb2ce53f,User 206,mamontovvadim@example.com,6f0bfd9200eec410844949d424e430773af6ecb2c0b3cb6b92d50c33a0ea5a16,1952-11-30,false
5765c926-b7a3-4991-8073-7a6249556c30,User 207,rogovaoksana@example.net,8fddabf722fa8289f1d6a16908c46002192da6f25c80b08349e593646644e96d,2004-10-22,false
2c30b981-6b2d-471d-8775-daff5781dcc8,User 208,wfrench@example.org,1a1cac4ea764524be010cc7a466d833feea909e93957f82991dfe97ad6c25527,2011-01-31,false
80c21186-cae1-4091-8dc4-ea3a045679cc,User 209,alexiscopeland@example.net,3a7794eb2a93bf0fed8f00d9927486a4bb3aa68a0d5992919e0301321740855d,1960-07-21,false
380002ae-f547-480f-ad79-206c787bcded,User 210,irina1988@example.org,b81012cec88dc446841c9e5d7ffed7b0f06a92c92a6bc1788e8996210587037b,1988-02-01,false
5e05c01f-e53b-4829-903d-f4a3b19f31ea,User 211,shawsusan@example.org,6284c10e4b76c4b58c32ae84b84e40c47cd7187a67a3f485949741dd22acf8f4,2006-09-14,false
69995b57-07a8-4b7b-ba77-234ff394d9da,User 212,uljana2008@example.org,45308a8e1e4d4603f2be1599af26ea12eddedb84850377b4640d917b84560b8a,2010-03-06,false
4502477a-6890-43ea-adad-0a58bcd3238a,User 213,karen16@example.com,502b9c6a8fa8acce6127e9414452759767ac550effc74aed4b49a474a4c11849,1939-12-07,false
6495e7ba-bcd0-4af7-856a-5b03f41e6f0e,User 214,hooperwilliam@example.com,57e0c24254e320e2479e3be046ea322807414a45b932f7bf1df83a599fa1418a,1997-07-20,false
c13ab128-f91c-4bef-a76a-417c87c71380,User 215,emeljan_1973@example.net,ed6cb8eb0ecdab16b48a7bdbe003ca3cb5838f3cf838cf3463e5d556d040dc00,1989-07-16,false
d0b56e56-27e5-4bf1-8211-dfc8d196ebc9,User 216,fhamilton@example.com,fb718f452a4cda8c64eed128ab76acfaf4836493e753b4c3b8a174611bc2f684,2006-03-28,false
21b848d6-3a69-4314-b9cf-68051f647927,User 217,dawnweiss@example.org,c6e258dfd4171921c377b86f5d7f5226332bd1fbf7afa19360630da495256bfb,1959-04-12,false
1cb6c9e0-1f0b-4f34-968e-1270d7e0eac1,User 218,mechislav_1989@example.net,24a657f4e728809db4c27873292c2d6918778e96207eafe67a4536790b607fa0,1999-01-04,false
cf2a02bd-109d-4b75-a308-3e93369a7530,User 219,afanasevelizar@example.net,e4b197fefa5119945c1a22fcd625138092e938604bc81a8b014c399cc6030329,1952-12-12,false
7164db8c-2512-4f66-bfc4-a2389fde997a,User 220,judinernst@example.com,fbc69b1350a7e1c9aa6c3cc751158963fc89f021dbe3745b6f45681af8599633,1995-07-20,false
6894022a-9490-4e7e-93cd-c577e71d6221,User 221,timothypalmer@example.com,ecf79ec4cfd834b88beba5a13c1bacd5d8def5c7a60e7a45e8eb9a4614c823da,1953-12-08,false
20124d41-47c5-4081-a632-5895e7381e34,User 222,meganhansen@example.net,b06dc2973e5dc607733628ac2bf29a9350958d2d1fec89fd915ca5e69bdcef4e,1979-02-10,false
464c37b3-bb15-4fcd-abc3-c5371901a98a,User 223,aharrison@example.net,8bddf6fdcd610e4efacaba2f66517582a931a1a41d8556e26c86d281b99ebc19,1978-01-02,false
86c767d1-9264-47d5-93b9-5cd5bcd63985,User 224,shirjaevartemi@example.com,852a307faa8f0237d79587d3845123822ea0ee0f3d7b924fd53d4ce5e52dc671,1953-02-09,false
bcf003e8-6587-4c3c-868d-8b948e7b8626,User 225,pzimina@example.net,dfb92cf6aecc8cbbe6aef8676cb5c8311abf283fac7eec89faec7649b1bfed27,1938-02-26,false
6a2d3f08-3183-456a-a712-1214e27c30c4,User 226,elizabeth09@example.org,4fc80141bb708a6938c5148ba868a7f8f8f1e3178c86c8a063ea2bd4208c3ca7,1951-12-23,false
a1394cf2-fbb3-421c-8a7c-6d6501f2d9e2,User 227,kornil37@example.org,b060ae7a7537cee0f0ecc260f16c8d2d2d04e7636acb47eb6fc1726e780b3cd8,1994-11-21,false
a8b07a04-a6aa-4892-911b-22fc8b774080,User 228,kentcruz@example.net,04bd6fc4c2e6dcdd2d2536f475f0642169c08c2fb04eb08ac8e7cfd0631c696d,1986-11-06,false
bd05c441-949d-4c92-8af3-f322cc75f290,User 229,carlsonnicholas@example.com,4c2e5dfb6ba437f373122d2d2df92f7bfded86d96cf43f0d298b6cc9870d7c8f,1998-04-20,false
0ee57ad5-8281-4147-aafa-62aeae49a00f,User 230,apollonteterin@example.net,394488303436d7242c145eac93f50372c2fe2b80cedc4d88e2035d12c45db334,2006-04-11,false
950cc0da-c85a-462b-8d21-50f9424711aa,User 231,johnbeasley@example.net,af3cf1e05788a30375ce2607a6f9e077fd701a8ed551a5515237175227b8007a,1988-09-08,false
c8283f35-7e08-49dd-a178-278ff0858698,User 232,millersandra@example.net,c76f107f1783b7ce3d250d74e8d22893d538230c6a0eb842127a887175f09a3d,1964-05-30,false
9f5b9142-5e57-4282-bcde-a828266a865a,User 233,kazakovvarfolome@example.net,7eb682878d82b585c430ba21cbf4166b8fb7a062e507a9c1a0b979dfba2636ac,1939-04-09,false
a98105f0-85fb-45ae-bba6-b6e13108e055,User 234,christina52@example.com,bdc0327550444029a68991f9eb6aca62aaee4c8a179ef4f647fd11adcf1ddf16,1999-06-22,false
5ece79c5-dd0a-4a89-8623-5a206546fe23,User 235,afanasevagalina@example.com,0bdc5af17d187d019724c49095cb3ccf4c0ad30196f060cda470384a58928d62,1994-08-27,true
f5520b0c-d82d-416e-8a95-0cd6d1473e4c,User 236,kim32@example.com,c5abdac5b91a677804045b08ac96abce8da30db88ffd05eafb5ef6348f5f7063,1938-04-04,false
731be539-9890-46ea-93cd-f71f13bde026,User 237,mblake@example.net,23602ac2470d012d40e6597535571619ebed66a6f164341775e2bd636ada1d4d,1971-03-20,false
38347640-bb61-4cc1-bd35-12fffca8da75,User 238,rmitchell@example.net,7ec9cb1f81459db1970cc71b21e3a5c5084c98ea2db8f01e8b9f9eb32d49c738,1948-07-13,false
dcedf6de-fe96-426b-9d3e-585a7559e4b8,User 239,daniladjachkov@example.org,1dd1b75f769a6d6b50251c98ffa03273b0a856c9959e267008dd3d9573528023,1991-06-26,false
f09ab45d-067c-4efe-b315-dc213e58dd0d,User 240,brittney55@example.net,a82245444f57946444792df8c76397657010817328ef2447e14c9d17b7edd406,1958-08-02,false
9d0d0ea7-8b62-497a-b1fb-c48205aeb5a9,User 241,sherry86@example.net,ef9f391014e93f40b6234a25ca82aa022936de083bfe90751d358db3dabec9a8,1999-05-14,false
a25c4a42-6f1b-444d-9be9-edbc53727d45,User 242,zosima_73@example.com,c13f8022c256226a1886f36dd0399c99e458262cc848c5678cbffb8491aef9b0,1995-08-09,false
e67acbe0-862b-4d78-9853-2432a1158efb,User 243,efimaksenov@example.net,6f4bf74a5dc4584cca31f46ef8f787e11d36108915c1467402ecc7481de61842,1992-03-18,false
e6bccf09-8157-43ad-b0f3-94fb956f7eb1,User 244,hernandeznathan@example.net,727b502dc7ee8e4ab5a7fd3c2dbd3853e8fbb9289ef160e5643758a85f6d6a5a,1974-09-18,false
1f8d8532-4ceb-4860-a651-e6ef6472ea4f,User 245,ssisoeva@example.net,78a62f7fa2af009929f18f05b8010230b049fd36c6f75e975e82cb4dec6457a4,1955-06-30,false
69b2fa36-bad8-446a-820c-797915e792ad,User 246,averjan1999@example.org,f28eff183e1f8fb1fafa449e5d3b93cec22223f44c29342c83e3494b363a5f72,1965-04-12,false
d742f7b9-eee2-4487-a720-96228425c05c,User 247,tit73@example.net,53f385c1cfde9817e88a6928980ff521c73ed73100132d49b0b3c860aa14a966,1954-01-17,false
c7d4c273-1ba1-401c-bfd8-6aeb84c15617,User 248,sofija49@example.com,1c8d175aa26c8c54300462555f83f91cf0fa4ce54b8a21e2e2de106a0e4a7b68,2001-12-15,false
291254f8-0bf6-4567-8d78-20de657f241a,User 249,matthew97@example.org,60ff3f26f02cd0a0b982bff6e1859026151d5cfae2c62482aa65f59949c4a5b1,1955-09-28,false
50e8e18d-3980-453e-b59d-0f71a391ce5f,User 250,vseslav2010@example.com,f39079bd5f00b670baecf36dff538fa66b721675ffff2059fbc34faae3bf358a,1984-06-02,false
c7fe55a7-c7d1-4abb-81c0-ad40b84b8c6e,User 251,xweiss@example.net,909ae5c937189149813d67aa0de03e96c86d4572172fa0850d2e06e80fee66dc,2013-04-03,false
7a0b53cb-54ce-422c-bcf0-bce54ba9670e,User 252,irakli_2021@example.net,429e4b25d5c2496386276b20bec9f2de6d61fb37760d238c29c375ecf1490877,1964-02-03,false
fc05043c-2ea3-4906-9130-2e3cd330aec5,User 253,allenshane@example.com,5b3051622a054985ab52bedae0d4123cc6d8e5dd22c760779b3f9cd58089f286,1956-09-23,false
156e4d55-2807-4093-a019-dc8046071dc1,User 254,iraida_1997@example.net,a470e1b6df7d0645a3ecee81e727c5e284cf14a241abf9145dfd088c5a138170,1958-07-03,false
9a2d86e1-48a0-41a3-b599-8c7c69e9cd94,User 255,karlsolovev@example.net,9f082a5ecd871cdfc7c24ffc6c3fe45e544bb7bebe1515a73ac6b2b906d4cc1f,1955-10-03,false
ee54e488-07cd-4ae2-a924-a3cf21b9199b,User 256,lavrbelousov@example.net,501c29e8b8137a80bbc02fddae9b00c69340cadb0d42db0a66d41a585d7dcd69,1971-05-05,false
883c70bd-737d-4036-ad5b-8030b7250f45,User 257,prohorovjan@example.net,21ce157c65171aca0b22f7b87327900fb424f60490f417b30e36fb6663ef9eda,1952-07-10,false
ed14b174-bca4-46e3-b456-0736a627401f,User 258,vinogradovboleslav@example.net,d832e90e2d321463b8e23880b05f169e43c46a139af1da8b66c2a5f27fed3439,1976-01-30,false
67d1d877-6efc-43e5-8338-a2ced2f17ba0,User 259,antonovvisheslav@example.net,a99ec52a9989b7eefffb9dd7d8c0c5bf5fbe18a22b9616339bc19a467f58701c,2002-07-30,false
4bb06c6f-74cd-4c3f-b15c-5fb8d104f4c5,User 260,asampson@example.net,ce2b9ee8f719a49510099443af5b77f2d5c8b553d661936e18661e335b29c8d7,1953-11-18,false
fe7a24f3-f6cf-4676-ba3e-e4e7062ee2a8,User 261,zhuravlevratibor@example.com,b00e0f8260b528d9dc7985b884808fa81aa0888cc174e3630179aed1b020d6ed,1939-07-23,false
ad7f6406-d503-4923-8528-f14a7afdbae9,User 262,mitchelldanielle@example.org,a4267a7e609fbe4882e24402d6afca66a480fc7d37786af2f5270b701bd18e89,1997-11-01,false
03a47265-a6c2-4aa5-b70b-3d83e06ab984,User 263,bobrovaagafja@example.net,b3e257950d4f05eef76c010af6dae755f4424f6df59e1ba8f3f68da9eb3718e5,2012-02-21,false
26778dd1-c10e-40a6-9ebb-a526d6089733,User 264,patrickcoleman@example.com,2f353f2de4b368d5de06ff8e7803c99db320c3bc4e6004a61022864b8a0edba6,2004-01-21,false
ad7228f8-306d-4b3c-8c86-fb2661aa8170,User 265,jasonwinters@example.net,f7efaacb7cc907fb6de86be0212f9ebb711453f9f0e88b392436bde0e298d6e5,1983-02-01,false
1b49cb77-f15d-4986-94bd-f24881985d45,User 266,agap1985@example.com,153c6feefb9973314ac9a5422f874788362604dacc1d3ad8c2daf990f28781e2,2006-08-08,false
49e1659e-5e47-4b6c-899f-c01905dfac3d,User 267,radislavborisov@example.net,5097a2fcc011af2a84a3b6e36be490c9a9ae26aaf676378dbdc78b5d585c918c,1972-10-27,false
7445eaf1-919a-46af-a27a-92979e196f58,User 268,stojanpahomov@example.org,07ee8fb0c0a5087223c1fc48570aaf08a30ba791650e291d2b5fe4d7e5c1d5a6,2003-09-07,false
2a7dcd4f-9be6-4a34-a078-ee828267ef89,User 269,ermakovajulija@example.net,1906bc1d664de1e80d804a082a42dd5f1d70ed83d9c71af70425ff272adfb77c,1940-05-11,false
8eae7f01-0551-4585-a20e-044a7187d72e,User 270,sharon42@example.com,dcc4cdb87f057c7fb021484b27c81735bcbf591a4e49d20e0a65e19644a07413,1999-05-05,false
5a11bdc5-d1e9-4041-8b3d-6531e1e1af2f,User 271,andrew66@example.com,b7592150dca354e7779898b1cad171ad3c5b6176fab765de43240c989ff5bfbe,2010-07-26,false
646770cc-a2b3-42da-b913-a40b137d8aba,User 272,melanie89@example.com,4cfa1c3a6f8bc76e87158c5b64842b277c4adcc432d5219f5b2118646e8b146f,1985-11-03,false
a054095a-d405-4caf-8591-bc2d3231c699,User 273,tracigarcia@example.com,b66daf0b66cf9638445186c5d95eeae75899292782a79735a0ff04c0d123c23d,2002-08-23,false
6cb913ab-84c4-4a70-8dac-ce9719f607b4,User 274,emilywaller@example.org,23068ca3d1454e899f1eedafdae51d53705edec310e9d82141bfadba3f999254,1936-03-17,false
7d5a7a2e-ff51-4005-801d-a7435cc0a222,User 275,varvara1991@example.org,db473ed43cb745ff30480610d8bbe71a3c725b300f19effff4d43110128ae85e,1993-04-25,false
de6f5656-8231-4caa-b4f1-31226c9e4f0b,User 276,claytonwebb@example.com,0379f9be7ef594d35a899297833f3f750277029a086af27ff4ff75572a8462e9,1957-06-27,false
c0ef768e-7683-46a7-ae66-eb69f2e0bf92,User 277,richardsmith@example.net,cad746bdf898d70d378d5ece4dc15981069d0733fc3e643535e5e530e8fbb96d,1936-06-26,false
2c7fa0cc-c7cc-4118-9e3f-7e8ab9d0021a,User 278,arhipzimin@example.com,5475ef1623811822fb696ab1425dc009860da5530ff5e7ef3624417a8c535547,1984-08-17,false
9f3b2e8f-7564-43f1-9e20-bc02e06d79bb,User 279,alexandra13@example.org,1af3f8ba352ba4ff5c12ab6054bfc34bc14cbf1826e19a1909d6d1e5567331aa,1962-08-26,false
68aa450c-7413-415a-ae13-dbf1559380cd,User 280,tiffany56@example.net,466e3fcac19fe3547b8ecd1b715f44061106908dfb128478b00604fdb7128fa4,1997-09-10,false
3cdf23d1-6162-492e-bd38-bcd8b28d1a29,User 281,ingramlisa@example.org,a120b6172c0a3ef0578928dcff690dd8f9a189b2273d954e9d11cfc407d5bd96,2010-10-22,false
086094a4-559c-4067-9fb8-61756bcf7c7b,User 282,hernandezebony@example.org,d7d3eaa5d96c9b90d79458d3c806617b3ce3c09dee08f304a4ae2af86942ba15,1973-11-09,false
960deae1-3b90-473c-9e28-3545d2d11876,User 283,milovan73@example.com,60a05ffd64a01c7a96ece7d1249c52a4c94d97a5b1c08d9c3ad6d3dcedcf1235,1979-07-16,false
2772f26d-253d-4e00-a9aa-38ecda56f54b,User 284,kelleymonique@example.net,576f395af57197bae379bc444aa7a64d606c7c709fa9d4c69f90d17fb24dbcb7,1976-09-02,false
83275b84-d464-49f6-8611-454811f80103,User 285,darlenevaughn@example.org,c110dec2f031ff26a1203508239a0f917fd48168598c7e2841bc7fb2af6a44af,1949-07-15,false
1beeaef9-d92f-40a9-8cdc-fe4fe563dd30,User 286,davidhunt@example.org,0381c5d83e5cc3695e9a2157a1de21d13813b47e47e359b75056fac33839e236,1991-03-14,false
b0b2b020-b2e1-4c0a-8478-0eabad98363a,User 287,martjan_1987@example.org,8424e8639a4d8e9d05ebe3a032d58b33d8119496c8ae7fba3788e417ea7e09f6,1991-03-23,false
c4866f50-2108-491a-84b8-a715ab17a97b,User 288,semenovmili@example.org,3be22c58c4fbfea934a595f35d802892f93f791f029c0f3ac82e417361573c19,1969-08-29,false
e030e992-0f3d-4a0c-aacc-3bf8d4ca71b9,User 289,pperez@example.org,3006098fd84de7b5a0b0bd2ca8d465c5f6814c2128a89b66da15d514c836c6f4,1976-10-19,false
50bcde92-416f-4329-9e95-7d681115ad63,User 290,vladislav61@example.org,e90eff5d4944e1ca70b55ad805f6f7aeed9eb0fd1b8d437c4eadd0d9d06a5012,1994-07-04,false
9b2624f4-799c-46be-9836-8cd4c23e11d3,User 291,valentina_32@example.com,3c0f05fd70ad84d61edb11a6a9f30195d020f3d7c7689ef577510985527ced2e,1951-01-26,false
68bba50e-73ff-4751-aa7a-1453c0918f88,User 292,semen1993@example.org,82649b7e222a4ee66c542373c5b56afaeebfbb80978a3af84cd07539681cb4a7,2006-03-04,false
428bda27-8f08-400f-a631-0238e9e83c9b,User 293,lgrigoreva@example.net,e647978ea88c4d68a9fb8260049358212980fa391348aa5a233d1b0ccd3fca37,2002-09-20,false
74dbf7a7-f6d7-4402-878b-afe5078e8a20,User 294,npetrova@example.org,b74a99ba6d59468e3ab91f81b14b40895816ad790baaca4d4e4f0951189b8eab,1968-08-12,false
61226a97-cf42-4568-b089-b184877257e6,User 295,zinovevamarija@example.net,f37e8265c4a047436c0ff1e6ec19d5fce79946e0bd9ee9b610939a87b34588d9,1972-08-03,false
9e222f58-a2bc-463f-9ff6-4dd881206588,User 296,sobolevsaveli@example.org,dbefe06e542dfffe31f01a7ffda0aeb62f7d4c3fc3091ca2bc441e0411f6ccf0,1983-11-17,false
653ac9fa-27fb-4c12-a7f7-6a78e7493ed7,User 297,dorofeevlukjan@example.org,d9e8bb0d23cb53599b4a7c3ac96e96161a85f4a2d786dc88046e606e26da2c75,1946-07-26,false
09a43ba9-990d-41f5-993c-98df6790919b,User 298,rhonda79@example.com,fccb7028b9692bb6a090195c3674c9af7f8b5ea60b985e0b379d6862e2b323c8,2006-04-01,false
c4d91a31-d5b9-468c-8116-9fbc58146e7b,User 299,jenningsgeorge@example.com,4f2ba0cd1bd8fd98269ea691c76036fad3d97a2113202166e09714b7a20986bb,1944-08-02,false
e2084ec1-98f6-456c-92c8-25146739f222,User 300,simon2019@example.com,8b380beebcfb35a30d2eacd166fc252278f6458a1c1d037404ad612c013c535f,1967-07-19,false
5f57506a-b8bb-47d4-8bcd-b4b075cf8339,User 301,wallacephilip@example.com,5f9b35878b6cd485291f41617533cc5701fcce09af06553c46fb8ab33a1dac89,1981-07-29,false
559e6e8c-9bb5-4425-ad48-64d6e1786d2f,User 302,rachel54@example.net,7ce15ca93ee9892d67897d9896d8711e8c08358b91790da582c2ac47170117c3,1947-02-24,false
feef9169-8aba-4591-bede-37b102e97674,User 303,agge1979@example.org,3a52078a0300a0914e8fb11d956b449d748188105a9f3fa716e1cc3a6b84adb9,1979-07-25,false
f7f695e6-37fb-453a-b0e2-2fc3e3a7889f,User 304,darja_1976@example.com,b278e17be7ce6df839d6171d70c5256f50b184ec1538646fe2f1a67172da42d8,1942-03-19,false
e1118518-39a4-49cd-aba4-880ee04c9118,User 305,josephmathis@example.org,32642488a54d7dbc71f009e16505f266079be48c4004b400c7294bd696e8629e,1946-08-31,false
a59b9eb5-cb3a-49e5-9fdd-cac48fd00197,User 306,boris_1987@example.com,722bdbb30356176282af73f5b44ac33d9a4107af27f1d8d8814eeedb39572620,1968-03-26,false
8fdd6896-1523-47a4-abd5-c746ca1dd5d0,User 307,jakub2022@example.net,55299356fae674508fe13a26c4e75bd840dfe3317d3feeb6bfa2823df2a9e68e,2004-04-13,false
d4347813-c46c-4301-9ded-d9615bf6acc8,User 308,sofon_1989@example.org,45eb8c1fb586ff5ba43057a2f7335c019b7a9a231b991dcbe2c8ca328abb0838,1979-05-17,false
2b8a63f8-16f2-4fcc-b2f6-947b4e2a2bde,User 309,thomas45@example.net,b41693b704d6ac81f771ff34f81d28890a7d78725dfe42c4244d8b7c2ade5b33,2002-01-02,false
8222b087-a133-4705-b105-88600bd25572,User 310,isidor_2002@example.org,75807501113a32e82973c69be9f0a72b347102c92bd846ad73250e037e5d3bff,2007-07-06,false
df3d4957-9618-42b0-a2d3-731ef8ede4e7,User 311,robertsjessica@example.net,a0c9ca017af4fb13fc43cd17f6f288b017f2fbb3e3506663ebc275afb226bbfd,1987-10-08,false
d5158470-d67b-4ca5-9c56-93a4ff77b629,User 312,tammy28@example.com,ba3464b871cca472f812e7dd64280212977efb17f5c612838f8a684fd0f122b6,1997-09-15,false
1bf3c9a5-2a8b-4259-be59-6fd5a96a9a1d,User 313,hgarcia@example.net,da902e77cb8273417e98018be4fa2ec18fe2cea485a6939f625a55f72d85e085,1952-08-22,false
a24f0fac-d14d-4fd1-bee3-f1fedb6bb4a2,User 314,knjazevanatalja@example.net,0cb31a5899093797aa7b563468a90875585d404e811cdc28d2317921e7da0fe2,1961-06-28,false
0188b253-4bee-4c53-8b2e-b345d0252f47,User 315,osipovpankrat@example.com,b496622e912baa44c5eb72e6bd40a723441bc6593af0c8e0fd40b023c9852885,1995-07-24,false
da45ea00-af86-4c0e-b40c-db8030c5408b,User 316,silanti2019@example.net,76aef01d24b15811095b667bdb3ea3de48228a674f481d2ada02f57ad8261885,1962-01-16,false
217928e8-c61a-4c25-8b17-91cdaf5fe64d,User 317,afinogen77@example.org,b2714c6c051e7d9f1a6a02c7a09dc73ed6ffd48c531d8d6a5dae8ec7a8c91844,1980-03-26,false
a786e9c0-b912-4bb6-a27d-870ceaa259a8,User 318,baranovprokofi@example.org,d58e16b4b6e492dfd63b7193a352c707b8157cc4cf4a893adab5a3a4cb37c955,1936-01-04,false
1762b1db-1362-4fd7-a88b-79a862479b31,User 319,sofon2024@example.com,19955dd8322fc37580121c09f3e90d1a0a50c06c40a6fa82c4638f64d2be2bbf,1985-04-03,false
eacf7f2c-2021-4448-9d28-808e8d4c1498,User 320,huynhmichael@example.net,24fdb9dfb523184b9c92a62116154580e9bc9399cdf3b075ad84317c44b17970,1938-03-23,false
26c875bb-e68e-4f38-9f5b-ff92c159c329,User 321,matveevaolga@example.net,3b775e1b7f598de91e1b703938fa9364a3bc8f3c8c9135075cc9a362351997f9,1980-01-04,false
4ce2cd63-d1b2-48d0-b91a-c65a9108ddd8,User 322,fjacobs@example.com,6f3743057371cb0034eeb70bec6c25eb3720bcd271aa877754962ac5f7ec92bc,1982-02-11,false
bc8254cc-99a8-4d83-a3a9-855c5a73a37f,User 323,amanda73@example.com,18f0fa58968fde85cfb42296ca8494eaee4b0f71e8806ffd2a2dc2e8315f3bcd,1999-02-11,false
d0c15ec3-966e-4ab0-bf25-b357465e54a9,User 324,nantonova@example.com,e7acb1b4580d7e611224565f460b609a2246a4fe34f33ec40a0328aae84cc72d,1959-11-28,false
bc8231be-9a22-43b8-9692-d8048e77a597,User 325,ldavis@example.org,43b218307f49eb43271a47927c072aaf21ec1c06a236411244133755dfc92bc9,1995-12-05,false
bceacedc-bbd2-46b5-84e8-b6ce3728c7d9,User 326,joshuayoung@example.com,f99c64b0d7ea1f9b45c721c13abc485a641356fd7d66d701f4550b8619f1eb88,2004-02-18,false
ad549079-826c-4a81-a888-8c6341e21cce,User 327,ermolaafanasev@example.org,e2c389a6e229e3506fe17f88326612015f81eb78cbd55061dce0c1d3da4db26a,2008-04-29,false
82feb836-4cf9-480f-ac43-6cb94a62b2c7,User 328,bgarcia@example.net,a07d223d4466556be30881f6501cf76088aad7cb1a3f93ba2561d536d3b7a196,2002-11-13,false
3294887e-849f-4376-ac61-93db104ccfe6,User 329,ywilson@example.com,78e007a235012eec4fd4305602f2a3afc2681ffbd4092311a7af624c3ca77082,2004-03-17,false
5cd4d987-06c8-46ab-a79c-e03e21536b54,User 330,anthony67@example.com,5ff7cc460bc64fff8937de4427aacaacca8152f04b74f6b360b83b9ee1e8561f,1947-06-24,false
5cb40852-2f21-47b7-901a-3f6022f7ae3a,User 331,clairewalker@example.org,480aad290638b17ae63a8b1b353c6eee1c47b92687ddd54c6c0cf8d1773331b1,1957-01-02,false
91206098-0698-4e1c-aefb-4262703428d9,User 332,ufleming@example.com,4c296b13e1b997ba43b6bd8424cbf273bc99d796207cfba0ca91d5fdf4b92ea2,1956-01-10,false
99954070-5f2b-43b4-9d91-68cb1e1764a2,User 333,jesse41@example.net,84b59ef9448053242d5d249057f1cc75c52816c628e9c392ccabce0a3208453c,1967-11-22,false
0fc03139-ab7d-46b5-a60c-2de085a41888,User 334,rdiaz@example.org,cecef31d5a80c343efa4157e1f702c9255f89193caa429f8fda92a05bce57281,1959-12-02,false
fa49cff4-849b-4dc1-a3ac-3f2999d263ee,User 335,kovalevfilaret@example.com,cfea452d7129f1d991f4a24b348ecdc51f51e46f4ec6b2c0b5e49d54d8efc2fb,2002-03-25,false
09665f3c-c204-4368-97b6-5db2957702ed,User 336,frolovanina@example.net,0810de6a956fedcf0e8b1a9d33a4dd5b450e9cd0e8f2d6eedfaa2221459d879d,2013-09-16,false
2895c12a-a3ac-4faa-8031-88be1d08aa9f,User 337,lbennett@example.org,384d38398682c71655afa6ee78e1fa08fa7fe3b51720b3a69d455060e37599f6,2004-09-13,false
aa3bba07-dc57-4ed2-9980-76ebf94b0638,User 338,monica58@example.org,6a0fda847e191c960e718a1f67e6397f2e35e94f3f497730a8cca169a889875d,2008-01-24,false
d5d311c4-be86-4752-aed2-d31f4b1488f2,User 339,johncalderon@example.net,27db01ba202e362f61c4d2507801ae587b3a5940a74a875def271b2a3a00376a,1936-07-08,false
d4fbe941-5339-447c-8e2d-2b9cfef7aa84,User 340,fokinaglafira@example.org,2e9af68dfae30bd6738103df357992477dda86835dccbf9fe678257ddb8d4550,2000-10-13,false
85161ad6-c95e-4a64-8032-7d80a8fe570d,User 341,bogdanfrolov@example.com,f26cbed28b9363767e48fc50eaa18f985e5c2046baf7a83577600bfa7b4ec787,2002-04-02,false
7d045016-0358-423c-a2b1-1ba299892fee,User 342,anike_26@example.net,ffd4ee6e3e4c92a535759e91fcc7138250f6a5402bf709b85d9a7b6c5eb30fcb,2004-06-06,false
4e8b76c1-82eb-490f-b329-b12a6b84ec60,User 343,angelaknapp@example.net,6e7f13a6115a18171104d006b13a95b32e8cf8002af8a92c1b06921f83564644,1947-03-04,false
9ed56dbf-5928-48be-a683-4d63a787b96f,User 344,mina_1999@example.org,944fd45f86b656ca832c34aa51b1f2151a2e6b0ce097c91dba2b9b80c3ccd205,1986-04-24,false
dc024e81-9a1f-4a1f-b4a8-1fa78004582b,User 345,sarahkelly@example.net,965b214017f5fce0c35ac5ef6d8676ee3b6e04a1f6f4d58f2a780be04e11ab11,1964-05-21,false
0f7a3f23-c224-40fe-b09f-4eced86d8a51,User 346,komarovsvetozar@example.com,a3756a14cc681cddb3d95225b0400f7b59678d982272638651eb540346e90811,1967-01-14,false
dd633aa1-a08b-4503-907c-192f94611527,User 347,michaelmitchell@example.org,b5437ddcaf37dc8d5d1247d524f0f89a4710432bd5b92665863c77ae46111763,1979-03-12,false
2c5b3904-f5ae-4737-a15e-f81f893b5ade,User 348,leonidsazonov@example.net,ff7e346d199f22c3ee071a9cf5163b696bc5f14b4f5b6100b4f95299e50e8276,1952-07-25,false
af535251-72c9-4480-a343-7cadc69be656,User 349,vherrera@example.net,6f7360737c4bb5151b5efa37cac5a5a2412ce78aed6ec2c60fa3446ed1f3ea9c,1977-04-01,false
fcb510fc-5ee3-4d17-901b-9da9b534b9b8,User 350,fade_96@example.com,6b0d209a971ccde2bb4fa13d5a9c0364f4e037a76840568ca2717804a9814f50,1950-02-26,false
fb8b9b4b-d07a-42b5-b15e-db499f1f2385,User 351,andersonlisa@example.net,d916d5dea343e8c19ef98226fb41ec7e50eed2eac26f0a316439a22ef502205e,1966-06-20,false
1534bb25-4f66-498d-b94c-cebdc7ea04fa,User 352,qvorontsova@example.net,3d40bcfa5f3cc3361124a05f179e6b69288eba6591a393cd2ba5b39d4af5ea12,1986-10-25,false
5bbb6328-3daf-4073-87b7-6cb1fed84fc3,User 353,wilsondiana@example.net,24eb5515491edef8b6c33e5d091ac099d5db12109c879adf90cb863890893c2c,1946-02-05,false
424ba9df-03d7-4b39-9da5-b5eec0f5c6b0,User 354,williamsjoy@example.com,97edb6aab191955bf9feaa0b4bc82217d82d5c9b2bbbc40cd594a90da7688b71,1992-11-12,false
51333cd4-0f2a-4273-8fd0-397165e1aecb,User 355,efimovasvetlana@example.com,7b68511d52a688d2abf1666baf66ea6d18aecb9cb22dd409245efc83b1204913,1939-06-18,false
3649d7de-583d-4488-97fe-1100c34ad7cb,User 356,hberry@example.net,f6d1b5ff5c27e3e799a3d363a8c145cd701b555c4aef1b42bcb358b11598b334,2010-03-08,false
e2d7886d-08e9-4217-bcd3-01b39b89188f,User 357,vladlennikitin@example.org,7c7adeac3ea84e05c1c87e82c3262bff4abb34bf0b2a967aeac43d762a653a65,2012-11-08,false
76d98311-3a1e-4813-9660-6e9537503692,User 358,lavrdrozdov@example.com,e0b67ca76075a5c4ed17acc0904f6a8af405f7b33e7749daebfbc95d632dd1b9,1969-03-01,false
e3966632-ce66-4cf3-8d39-76da619885c9,User 359,dwilson@example.org,08e7850b2b06b4af2f582b5a57314b4bfb3667ca65f6879def29554cae5a0c5f,2000-02-05,false
31a80f51-87a7-48eb-a903-718bf7569560,User 360,djachkovapollon@example.com,a7508b62538e9e6734122d76156bcd589a789d8a4bae12b1220939fdf3457b73,1995-12-18,false
d191e802-f551-4786-befb-17bb04c04c38,User 361,klopez@example.org,11a93e777072ff231b3bb52b9b6de0149be5f3fca2f1bc8dfeac254909352e9f,1993-08-28,false
4a97bea6-3c6d-4507-a21f-73c5517ed28f,User 362,leonid_1970@example.org,92dfe07762e007e8134f72407d6c12ccb98a0d99e90902eff61ebe28df0992db,1975-11-12,false
06ae7dc8-9dfe-4b22-98f9-64decb16cc54,User 363,panfil1978@example.net,233b425db8d7b68035119e9158889467ae7e6ff4af5296c721201df6a0ca6589,1991-10-02,false
dd232c0e-14a7-433a-9732-ad5a6b6fbfc3,User 364,lukija_42@example.net,9fb8b05c7605772cfdeaf99b665658a33b82d002d3765cff8bada2d5381a51e4,1956-04-11,false
de855fab-83b1-4cbf-9805-517d863f8486,User 365,knjazevaanzhela@example.net,28b8b1758f72e86f4bb63ffbcfe268140a81be92e85158a51cf428a6eee3332d,1963-10-12,false
0ea25e26-1500-4cb9-ac09-010df42d550b,User 366,terri40@example.com,b6dcc5d756cb27c37dd870b36501ca5d1de079f4ced078a3e0e0c0bdb44c9a99,1944-07-12,false
9502a43d-2366-45fb-a125-6648137c2833,User 367,sellersbrandy@example.net,b1251c007c594667e944ebe3cb0f6a5b910a3d0b56376646de8bec8fdd4358ee,1987-10-26,false
0bcef524-186c-4307-b691-9d4058950c1b,User 368,elizabethmoore@example.com,6e6f021c27f7adad16592462a8742ddf1f51478732da1964f85a4598e794e240,1943-06-12,false
600b584f-0e87-4cfd-a631-4d3fb1568066,User 369,knjazevkondrat@example.com,d249c6c4c697d2034c8208a73966417663d72cb88eb88e989ff879a0a2d69016,1937-02-04,false
76f5523a-1d36-47c7-ae13-6e6cd9666a8b,User 370,zhunter@example.org,809c89314161a7932e43d498401a3960864aa3a2c73f10a1f91abd91685b919d,2012-04-05,false
9a93f375-2175-4974-850d-529178972542,User 371,eringarcia@example.com,c9685fafe6fc010359d156b5200f992dda1abeacac5956597221ba2d3bf8fd7d,1937-02-04,false
61571898-c8fc-45ce-81fd-cab5b2a7d6f0,User 372,jean11@example.org,b2c23f179f1a0ae7acf3a891be9d91b76b74b97778d68da9332c623c3866b0d2,1957-01-22,false
47bbd2a0-6f79-46ef-85b9-11d0c2c3335b,User 373,stephanieblair@example.org,1d3c067c2ba8496b44447e3c884ad8ed98c6996d36099331b4127ad14357653e,1947-07-30,false
ed69f3e0-7da5-4de5-9370-ad5a4fd60a12,User 374,priceshannon@example.org,afa20a60f1babf3fbceda0520238739a5e27f854d42c251bd0395ae92773c4fe,1964-07-08,false
7a1103b6-817b-483c-9b43-6cec56233283,User 375,alekseevradislav@example.com,dd3817b42170dddbff1b558b1a423a8e4fc49a1aea40fe713332aa1074a66f06,1954-12-13,false
1fe2966b-75a3-412c-8d28-4316d74bd277,User 376,egoodman@example.com,ca5e3100e4f801f5e414ec1670ede0a075456863dd5f7471eb60b61fdb8f4de0,1968-08-12,false
35329529-7cf0-4eed-a7be-5206abe54654,User 377,fritzandrea@example.net,137fb012b1af923450ae397d364475333524655da00200a87500bd14a06b0eae,1947-03-02,false
ce476b64-a2d0-4ed7-87d2-56d146dc8588,User 378,brian06@example.net,15e5885bd363d1aab68264c8175ea59cc6c77b0cad1dd0b6696fe43bc115f4c7,1957-01-04,false
ca2cd3ae-51ca-48a8-a04d-8817a46d73af,User 379,valentina_98@example.org,e59dcdad42cafa756c25e6578d54e952fd8c5fa84c7e24857943c2018adc15cf,2009-02-17,false
55f48f3d-decb-45d2-b2ea-52ac94c31f4b,User 380,leonid_31@example.org,5b93e2cec8c8060807a52c0c7abb1bbc5d62db19576fe459dd71bc964a885ec4,1985-04-26,false
15cf49f5-7ce8-49c8-a5e6-485c73780314,User 381,thomas69@example.com,ae99f89236c5437e7d13e6f4d75b90ab6af4e2fe1c3de3dfcaf294ed8483a49e,1941-11-19,false
8c52a191-f7e8-4ba2-800e-208cbc2da11c,User 382,mihail_1975@example.org,921f5a545194a46d1423589398c3470735ec79e7181181f45b1155f255fb772c,1965-05-17,false
d967096a-04a0-4ab0-a13e-f8ca6b093ec1,User 383,barbaraewing@example.com,4133c4e663a64acc0ce49c08d78a66ac407b3c5555111511129c74d02e7618d1,1979-11-04,false
dc51df25-5167-431e-bc17-5c0654a57716,User 384,lbarrett@example.com,a3ad08092436fbb493a92570676aef2528d56230f269b9fb1abd966a18938700,1989-06-25,false
bad53b59-5ec2-4f42-a7cc-918fc163aa8f,User 385,dementi1977@example.net,a82a19cfb6d49fbe56e2258bac7c6559f8238ad63aee9a6f6615f4b55927e058,1990-08-22,false
f91f3250-6a3d-4fa2-8c79-2dd5158f5d0a,User 386,erozhkov@example.org,0cf3a4639e242f59a82cd70ed69d4ca75a55378d1271ba2b5efc03832009b7ea,1993-03-24,false
9d4e0bf7-27f1-4cfd-873d-a5384609a0f4,User 387,matve_17@example.com,a1142eea8d502305bd009be1f4691590e15a7135e1f1a2239d2670ac6eb25bb0,1935-04-14,false
9b02ed27-f1a3-4aa3-ac44-f9220e7e5f0a,User 388,prokofikomarov@example.com,0c21766feac8e8d7162a62621162e2f16992f16078ca481332d810d1541a2e9a,1988-09-25,false
a98d663d-1626-4275-a819-27bf7a06bfd4,User 389,kbaranov@example.com,07be17c5f2597078d2441c99f8703d359774b66716d07976adbef84c28a08ce4,1936-12-19,false
b7f61a65-4d78-449c-b862-f9c287f75e6e,User 390,mina_18@example.net,29b11a4264ca8966d7acdd9401ffccf0e5e5d38eb8f7818af6bdf8d50902994b,1940-05-02,false
97e19c85-24ed-48c0-99b9-8ccd0ce0ab4b,User 391,vishnjakovfirs@example.com,2fcccde33677afba8cea22f70d20ba5f6215aa3c442f8825578aef9e99ab8678,1990-07-24,false
ea9a1322-7b80-4a79-bde9-ea8c83e22a87,User 392,abrown@example.com,fb39a9a209dd83821411a01ee12f62fe6d2a5ade94b7edb94b2d16134664c9e1,1962-02-17,false
314f8495-4311-45be-88fc-2d6527a6037e,User 393,stephencantu@example.net,9890ad33fe3fbfb6ae7a50fed65bd86f31d262edb4be987ad76ab65d749ec686,2003-09-21,false
7ebe86c2-9004-4a0d-b7d1-c261106f45bc,User 394,angelcaldwell@example.org,61f3affaca5f5dc62b1bd6799376a88bd524c3547c40c13e1765eb95ebd62851,2005-11-08,false
b456357a-bc4b-45a2-8ffc-534d23871a73,User 395,geraldjones@example.org,bbdf7c550e9aaa72b26c5e43df406b2aa3c9c38164b7bb962cd5e188b7793ae7,2004-06-11,false
9faf4a5e-0ebf-4bc0-a624-63ef1a14f9f8,User 396,lavrentevaangelina@example.net,0ec8dd56472bb7b056ab3bffa87de1a4f0cd60a864e70573f26a877102f67009,1947-03-13,false
7174b3ce-4d79-491c-abbf-044a296d451f,User 397,filippjakushev@example.net,a97e192898cffec165d0a53c82b5ae982ea4d23b66e0ec356e554c458d870fab,1977-01-12,false
bfe96604-f138-4a49-9549-b9bcaf309ad9,User 398,kirill2007@example.net,ef1137c05ef00c5682158888558150af5a58e0714d8b852a2ac9153bf9dca288,1980-06-02,false
9a360ac6-ac0f-4b8f-87b5-f574beb5f9cc,User 399,spartak_92@example.com,2a2a87528fa71d6414f0795d4fee6c0cf76f6f78f7dd48dcfdf0e33037deb4e4,1937-03-06,false
246726b8-cb0f-483d-ab0b-82ac98bc523b,User 400,lstone@example.com,b65295600719af9e0ece8d329f8c937d739d394848460674df68591f0a4e54fd,1938-06-02,false
f1e52444-1f20-4b2e-93ff-f9b4cf757649,User 401,mcobb@example.com,fb2befb4d79a1957b0c49a458914da736ab81bbb4d2cb75965feaf1af0c070ec,1986-03-04,false
6b21e598-1745-425a-a562-7877af7a9e90,User 402,pantelemon1986@example.org,c0d55d5865ba2f260998412e99e4b0fcbf6a492d508d1b29db7019f8aa6ea055,1966-05-16,false
4508f385-6483-4bce-81e6-44b4f09d7521,User 403,melanie44@example.net,80b74cccb3e6c35ce03812679e33521adf4193f683a0319cae627511de0ea1dc,1995-08-10,false
c46391bf-378e-4703-b347-b785bc9df971,User 404,mhunter@example.com,5c6e234c3db9e8971748772464e90c647bf7aaef77de2f628a6c3372570011c0,1966-07-17,false
b832567e-286c-4f59-8219-277f4867978b,User 405,feoktist_26@example.org,20aae4548869a2c4b9aaeebe507060af5eebbe6dd406f6377a116ccb5a58a50b,1995-09-05,false
27c3212c-8942-463b-9e27-c656becd59e6,User 406,mark49@example.com,23f37009b47d18cb0d3f0e5c087d9d952eb1f5b443ddc47532d1737ccd33f40f,1975-02-27,false
257e67be-9d4b-4586-965d-772f3176156e,User 407,sarahgarcia@example.com,8afd05317e1f7f0726de2b575050dd31dd317acb6127d9e1db274a88bdd2fc87,1969-08-06,false
a3c6ed05-f2d4-4e7e-9796-05ca157bcd5b,User 408,chelsea26@example.org,732cd2b12a5492925aac936292cebf79ffbe93d80c5b3f7eff71126d2e621072,2002-06-11,false
77dd0d36-b3af-4c0e-8d94-30d96fcc6077,User 409,masongarcia@example.com,d70cf067e8b336e46056998203c8d12f98a04052014b6f317ba8488a190cd25a,2010-03-21,false
d242a7f8-c28b-4282-b138-177b5121fd3b,User 410,avdeevaglafira@example.com,da60cdd10570da317e6c4cc773ac3bf8ee63f7493dff5f44a24b27bfc8255499,1977-07-15,false
930dd5a0-b9da-4478-837a-fc4b7e07048d,User 411,prohoremeljanov@example.net,7416d67a70c67b85152a376929fc9d21e60e8a32ebc0fee092a1f22ed97fbb48,1983-10-19,false
379e2eaa-ce90-4a84-ba14-4c2ed4efd86f,User 412,herrerashannon@example.org,19e793f0d5db655f79c4d5a7afeccdfa137b91acb68311e7c00aea3e53a5c0dd,2005-04-27,false
8cbc59dd-f33d-4315-a8d4-193ec9664aaf,User 413,lsmith@example.net,64edf965e4ec8495db743ee04de32969d76399a08ef15cc04cdb80a2ff51ca17,2006-01-07,false
73c97354-dc07-4a75-b834-30b1d024cff7,User 414,lwilson@example.com,bf291d0ad9b6ba61c011112e1855bdf3540b5708c4f2c242e2c9c6975a0461d6,1941-03-17,false
caea5f88-de1f-4af9-ac19-e076bcae9b90,User 415,prohor2015@example.com,846801533ccd14c89afc49ae4212e04e3b0a85e3bcc7201cc037ee6fe5bafd33,1969-11-20,false
555c193b-7f86-4f4d-9455-6f9ca9e4c9f7,User 416,vlas_22@example.com,2658a4fa5e228e4988def9179a334be54ee20fd6fa9a93f44c60a33e16f3a505,1981-02-25,false
2e95fa15-4020-43d2-9769-25575f29c51e,User 417,michellecooper@example.net,44c296072afd52caf9549b597ffbf05a9382427e0e339519cbcf48df3a7b2631,1943-11-26,false
dc089be4-aaf2-451e-9268-e04a65578fd9,User 418,avksenti_10@example.org,c1b51c431e808d925bab2d79b9b26decae5ac7a3349107d2280e6bb36a5ffa3f,2011-08-06,false
69cb3dc2-3392-4e08-93ee-d5b0f4ad15d6,User 419,robinsonleah@example.net,44fba159208181800e306413202ac5b5f312e0d9229849a3d178286c175b1526,1971-09-03,false
af486f7e-9c53-440b-8003-fb6bbe706d73,User 420,elizabeth55@example.org,487b1f146626077cc8c1fbb7b41586ab2a7dc966f0616b14d2738ba83b6a7ef3,1966-04-27,false
a1e726fe-10a0-46b0-8628-5e4bb4444dec,User 421,ladimirantonov@example.net,8e3e186e24d7a3b6d259951d4d85624bd37f951496c37fff64a35c474bf8601b,1997-07-24,false
acc7afe0-f3df-4bd3-a056-eab3097832fe,User 422,eleonora2017@example.net,4c7f2ab0e8ad55411416d83e4d4801b38d29910f383be647b5094027bbe0de64,1937-08-30,false
4ad3cc7d-55b6-4223-bb43-a4fda51b2f51,User 423,delgadowilliam@example.net,6fac41670e70d814a69d9d2f62b00b5af252fa4c986116d008c732136c3c1df1,2010-03-26,false
68532b10-a94c-4649-88a4-00ac1b432fd8,User 424,timofeevseliverst@example.org,f3252485dc6a60ddae068d1cca41528dcaeeba3a3b881aa099e18add8aa6ef55,1963-04-27,false
9872f1e3-92d1-41ec-9fe8-ee17c7be0a0c,User 425,davenportjulie@example.com,cba16b7377e13dd536506c3d7299c5770ea71601fc9632dec2fcec69b3ba2bb1,1979-07-08,false
b09eb8c4-3531-43f1-ae83-2bdb83b3b75c,User 426,samuel84@example.org,6c02e0fa7ee2aebdf61cbd15afa2564a378ef3e8a080fa96a21186fef9a27db5,2013-02-02,false
768bf4eb-8bf8-4064-a435-ff9abc2395a7,User 427,rubenkozlov@example.org,e4f7491ed985314b353964f6d3773e4a482f72a36ea80eaad560a6c1061750ea,1980-04-16,false
be11b5f6-6da3-4a7d-844e-f53ac83aa235,User 428,jennifer82@example.net,8289684a8d46d40d0ed15a291534e912922d602d24724c1382bd9ceb1610d01d,1967-10-17,false
e542ae74-8abf-4b9d-8219-7d3c2b27b19c,User 429,moiseevaverjan@example.net,6402e6f07c993ff2bc51b70e551fdc56b9d4dd38145c7f0daf589752fd5ed41e,1990-10-12,false
a46669cf-a056-468c-a696-2a8c5a8db1a4,User 430,kimberly25@example.net,596e6d7be98c5a1e8bd95d8b43ffd3c6593feebf716a2ff7c8470beb0b7d3348,1986-09-06,false
6953504d-3363-4de9-b740-aee88b1ea00b,User 431,akim_94@example.net,22863dd276eb02a4d0dcc2396400d471ed5346eb4e2b6d075ec810c15cd9e1eb,1956-11-03,false
472bf397-2bef-43d5-a080-40fbdac24005,User 432,manuelcastaneda@example.net,b9b6d89a1fb30328cb85b173b580e2d21942ab18e9222b2b04396e213de351a1,1978-04-19,false
b42cda7c-8cb6-4f54-a968-029dfb2619b6,User 433,sevastjanshcherbakov@example.org,508959a2ce441a0639f12fd0ac9d48f69b0d927e66017a0b2f8e51092200ee65,1944-08-30,false
89fa6372-ad31-4712-9809-80e199ad3a96,User 434,keith54@example.org,8f639c108c57458be01bd73483088d500106078eccc6ce8fe5c866ab8ade6fb5,2002-06-10,false
23ca0e8b-e212-4fb3-a768-b36b3ff48207,User 435,allentim@example.org,19f29f5eee30e2642c2da61840e4357e95267351e6b07d2ee24a06546d9c1d92,1951-09-08,false
1b66762f-0f2d-4d59-9698-c40e925727ff,User 436,joshua25@example.org,98ce2c92ebdeceade6d6f0dd1c1ca34281754c1c84e6db6031569f86eb353a9b,1962-04-28,false
ea747df7-dd53-476f-8e78-59b114d1c73a,User 437,howarddebra@example.net,72f26323c466a4c7e282fc0b1c273e7386839fe1ab16232a3fc33210f95c11f0,1951-02-04,false
728cc7a0-4ead-4ef7-866c-1fa728c549a3,User 438,gsemenova@example.org,5492c94719c1631b5ed8195ece1472d5a6bc6196db3defc759a4fdeff51a088b,2004-04-22,false
8d873df3-9313-4b8d-8f03-6d3c7de7692c,User 439,sofron_2017@example.net,300191146b38365193d35c54744c9572cdc2ca4468718cb5bf8fff8db636d3fa,1953-08-01,false
63000d29-41bc-49b5-b363-d26fe5db8dce,User 440,averki_2019@example.org,7e20365c44b8ee1c43311c1909a59384d4452daff18ebc92b1e3ce47e62ce80e,2009-10-12,false
ba5839d6-4bac-43cd-9fe1-25fec7ac39f1,User 441,richardjohnston@example.org,a0efa5901c1057deff58daa99428207e398bd6389f0e1c3be8238cb2c0cf4f63,1978-12-29,false
35316080-8952-4d48-98cc-d1ee977d7f78,User 442,andrewmiller@example.net,3f8bba74cbc3c440611736fe6c67832ff288011e4c6b6ddf3e1786a803e0ce7e,1962-06-17,false
67dfcfd6-03ef-488c-a05a-884651a5a081,User 443,ilja_1998@example.net,7c32975f0e2ffe9e79fb5d9577e1120945ebfd72558d0d939380e569ad203336,1942-10-12,false
fa930ec9-0c69-4d7e-852e-7f5522b79bbf,User 444,howardkent@example.com,5d5a0efe34bd72b253faaa7edc6ad701f87a76a3d98718c7a9ba3d9a05f763eb,1935-12-30,false
02061084-6d06-4615-935e-5b5f8e83e0f7,User 445,kalininbazhen@example.org,9798de35141e3e480cb3cb57574ed6563cf36591720689b2325949a5fd4132fb,1939-12-11,false
f2c740a2-a54a-46b2-be5b-d2ecc75a7e92,User 446,nikon63@example.com,9bfdd0d3247c8baa1cc61ac99d79ccbf746b12f10b81561ad348d9dd42825d84,1961-01-18,false
8a572df9-beeb-415b-bbef-5ffd9281d430,User 447,jonathan72@example.com,22ace546a546a9c8151b3472ee52d30d3c56df1ab7eb48673b600ef5cc378c2c,1939-07-20,false
4045c25f-dabc-442a-b118-290d6ad86651,User 448,nikandr08@example.com,89c633cc4890697066d80fc022da93e7860bb057a322396064af5c16565b0b23,1946-09-01,false
b9da9f03-9b52-422d-adb5-bbcef0e500ca,User 449,jennifer11@example.org,c3118ad62616ebb5da5eecf447b9595cae3c3bca18ed47231f6b0168da0768ca,1940-07-07,false
1f97c2d8-358a-42b6-b00a-c2f1d2b9e46b,User 450,sheilagarcia@example.net,346a04a875d7395c36e816cc1a1d455dc06d6e2f31949a23a7d1c3b83df8f383,1980-06-05,false
fe0e75bd-62e7-4677-a88d-4ef7f77fffb7,User 451,ericjimenez@example.org,89d17ee07373dab059cdc6c40ce05d4ad3003e1a774a5b0245c2e6c545d1ccf2,1984-04-30,false
03b45833-f194-4016-9ca3-784f35448ed5,User 452,grishinprohor@example.org,e93d7ffcdb0290945f3edb7428b88afd2f6c1fa4d7bc72dae47666d7efe3dda4,1966-02-27,false
a3c959ca-81ae-47df-aed6-c00cd4fa41d8,User 453,maksim_09@example.org,9c85b2a1f950bb65085654f91ebd7b432cffb24798df61c8d6f1c5ed76eed53f,1943-03-25,false
372987cc-5dfa-45ec-b273-77bae5152cc2,User 454,sofon29@example.com,a92b94f2f6f3a503dc526d5442cb2f2b429d4ce8e18b2a9e6fa6cb6e63e491c7,1990-04-07,false
1b7804be-1ecb-4df9-a0ca-dc5686decf4b,User 455,trifonzhuravlev@example.net,028e1a39f866b437f9ae3be6e81a0477648b8bb710535df7162867edc00c64f4,1997-06-25,false
65c8f404-2f75-42e5-a42b-f5c5963562bf,User 456,hudsonpatrick@example.net,b367ac7c53161b4c7f52a479f8c72516e9aaf3eb6cda6a80280e4dc965f19daf,1942-05-24,false
c481bf97-2a4c-429a-b6bd-43a2ad079b6c,User 457,lora1987@example.net,3b93ead2e389a2085ae9dfcdc35c7794e00bd7451e7e8c547c3ec59d15af4acf,2001-01-19,false
23862efd-d9f5-4970-91cf-0d7707dee6bf,User 458,uross@example.net,4c309d547f358d9b75365b46111d06dbb896895ce487c50ab042ef1e78d36ba8,1981-04-27,false
9ed510ee-e991-4af7-81ae-0024dd70e7da,User 459,carpenterjohn@example.org,ee42f3b6401f81277cb408f77a321cb995e2f46fb5f5dee510643183d1b857af,2010-10-07,false
eeb66d39-34b7-4974-83a8-f099e67292b1,User 460,steven14@example.org,77d8e08c39bf3f3118b6b61bcfd6964fc65c663c3a0e39a6a6355f11a0f8fbd9,1994-10-25,false
554b6dbd-db36-442e-af84-31a680681e84,User 461,florentin54@example.net,cc6401069fc55da148ab27b5d38523eb948e82f75fd93395c4b118331d8d55ff,1977-08-19,false
3586e5d3-9ba4-45da-8a3e-0f6d7717f64b,User 462,vkirby@example.com,a8a88b4ad6fc28a005439ff0181014e1811c574d40c3babd24923e9bdc9da2f3,1997-11-15,false
aff0c948-249c-4110-8e2c-4e04da8cecb1,User 463,rgureva@example.net,570f395e095393b5e7981b5b44d57c989cc59ce4f064936a07dd7c985a2267ea,1996-09-29,false
61501774-6e7f-4e8b-af20-63f7ac98b0f8,User 464,brownnicholas@example.org,bbb7b723d82f2fa57f727f137e0d6d4b2bf6fcfd49409fdc1eb3902e6f607706,1973-06-21,false
147667ce-4dff-4008-959c-4b1926e097aa,User 465,fekla_2023@example.com,b0b08ec6e82d7a4c76c6bee7e456b4862a6f494ddef032d68246dd2d8495339e,1986-08-10,false
df853b31-2ad5-4949-b24f-5abaf965e1c5,User 466,hughesrobert@example.com,e2819b82076f89199087d4830b2bec51a2f86ce771b012a3ea454056e48ab8cb,1987-07-17,false
4198a65b-038b-4423-8a6f-94db8b008fd4,User 467,connervanessa@example.net,c05828b719d9fa1963705ed9a07625939c2e09078e3106689d88ed829f645cec,2009-06-11,false
6288cdb5-886c-4170-8417-e8e8e206eb88,User 468,abramovippolit@example.net,f160daa82a7e249c105a0a9e7adf4829b61033280c0702d91db5f2f843293fd2,1993-04-17,false
42188238-4fe2-4adb-8562-6d612f3324b7,User 469,dobromisl74@example.org,703b9ffc06b41eb5678b1cedb9aa9f2ce947a1661207d23291eb0689867218e7,1958-03-26,false
5ab2cd3a-95ec-4308-9c65-939ca953ca89,User 470,makar_80@example.com,fcd8cf9cf95e9b31a1718bc61a01df4fd17d25312f7f294d5f9fcabeabde297a,1961-04-08,false
38a4169f-c3fd-47c3-bb97-f408564d5c6b,User 471,emily78@example.net,d101cc42cf501c1cc0b78433304aaa79ab7de345ffdb605c924c94b2897ff824,2011-07-05,false
2cd0890d-e7c4-4155-8aa5-655e3c228d63,User 472,vlas70@example.com,ab9740001060f1d4cefd6cbe1d0696d243f8b3f1bb882c02ca8f1885ac68261c,1956-03-05,false
fbb53244-8a4d-4b7a-a812-c4da8338f7d9,User 473,ggraham@example.net,af9095dfb94e7583e89f4f90a8f84662d8d5e3ea8719751dbac27f9e2f2361d7,1958-09-27,false
4d2ca725-5a14-444e-b646-1a1720add7da,User 474,amanda97@example.com,e77dbe3ea14981c27c56e60b8b1ea14d4ce1dbe7248bc7c824bd010c88f92d48,2009-04-09,false
60acad83-26b9-4f76-ab6c-433f13c156c4,User 475,denis_2007@example.net,3b1d167892e28a69fcc0dd32489153c425eea2cb6ac14827bf05cc7d56876217,1959-06-16,false
fe57416e-804c-4ece-a49e-2c563e5225da,User 476,wattsdouglas@example.com,81ab65459841a812dad470aa2a45ff87f5b3be232d8b4771e9195747182d79db,1961-10-07,false
492e0403-754b-439f-90fd-615cb7d085a5,User 477,pavel18@example.com,c55599e1174801578af9cd804fb1e447339fb8a0e689669f771852e437feb0a9,1987-08-25,false
9b117f1b-6384-4326-9c97-c0f227c53e01,User 478,samolovfoti@example.net,171c854127c59cbe6bd36bb533d7a366c9c93020b3d57fe3b1220fbdeae7256d,1978-08-01,false
af2a2e64-72ed-4006-a2a7-6e375be2d647,User 479,zhdanovaljubov@example.com,c803bb363e7cfee24c61ec0c1c3ba8dd7c70332c4f6dda838efa7c1dad6e9b37,1990-10-30,false
6174a07d-11af-4b5a-a431-ec8d55596b20,User 480,peter81@example.com,8d037f939302c0491cc714adbeaa0ac097b2a30c5167b40170629145da7f0163,1940-03-01,false
1145098a-05cd-4afb-9700-bc802dae78da,User 481,silvestr1978@example.org,ef598f9f528460c0256b91db48cf7336334b3d70521850ca04a9d3ef5c5d3836,1995-12-05,false
e1c926a6-ff29-4e00-96d2-583bf69f02d5,User 482,nnguyen@example.org,79d75348c547510e17b32b142f4657bf5c800c1ff2958edd563280f4477c6b7c,2000-07-30,false
aa99976e-2c5a-4635-9c94-15673a5682f7,User 483,millerstacy@example.net,f130ed8c2e5471070857143a37047a47c1f850643021dfecf158d2dfb8425337,1954-02-06,false
ed2112e4-5d93-4ce7-a4e2-0920b085b6f6,User 484,jennifergibson@example.com,6321cb0512e08b63c27281ed31d36e9ecb2a1911a6bd7b9d5d476d2952648c69,1941-01-24,false
47e525dd-ad08-4ec0-8781-27d5765ada1c,User 485,frolovvatslav@example.com,97804c0e4d105c19acec333b9d22c2a8b602c0dec426e97eaf2a02a29b8d7638,1992-08-04,false
a9db991e-462c-4515-afef-163abb601578,User 486,xcooke@example.net,1791c1c55ebe53df9fbc0e6aeded9f328556da1e2b86e5fd4dfa393d3ce5257d,2008-04-10,false
c16ad3b8-47af-4ae5-8634-b27020e97fa8,User 487,michelle31@example.com,85525ba785c6ca2d8ea41e7c1cbe573cd9a6e109710d559773776523244616ed,1978-08-31,false
5e70fc28-67c1-4f77-bb23-585f52a404c1,User 488,efremkulakov@example.com,0f6167c3ff37b514d479ea7afc7e8507e7a5810ba95e473fbaa34e6dfbdd2db3,1961-03-05,false
d80fa212-9ff4-4a01-a40f-75718979eb07,User 489,ejohnson@example.net,a892c6bb4461e27b9ae0d764d7472dc291915c3297ba2e679cc303fec605bd5e,1959-08-12,false
ccda0e29-06f8-4498-bb15-a97f24d339cf,User 490,tina66@example.com,e90d9b3624c976e0d8a7af5a76c42e44d9e9e494ca392678cf2f10dddda3c2c9,1994-12-12,false
d8847f97-62de-4938-98f1-4d9f2ad24060,User 491,nmunoz@example.org,26ea628750fa06fc8ea62332c35aa873d1a47baa6cdff98d6c5194a6fc4d1241,1987-11-24,false
b3edd4e3-affe-4445-bce7-348604cf5dca,User 492,brian55@example.com,2d02d542706dc6e76268d899d0b1dc9144c463d37381f7ea2be273f5674730db,1961-06-13,false
c39653ef-1262-4eb9-80f1-58328b7b8764,User 493,danila1982@example.net,b348a1ff8fb5aaf97dc79d30a4e140a38d9c5539c1f19a70b723a679d6f3247a,1975-05-18,true
319c23e2-3645-433a-9dda-84caae86276e,User 494,vvlasova@example.net,8342a37264dae8e5931af0f0988389da602f825f2129069b4cdf9db4bf8306a5,1942-06-16,false
7d1ed104-31bd-4c8f-b04d-da6d566d4824,User 495,rachel21@example.net,13bb8a8fcb667019db21613ebadf769f092a16e1041665bbe77aafadeecf1ea3,1936-07-28,false
ebce612f-a1df-4e50-b780-1e2f07e9903d,User 496,moiseevnifont@example.net,6c6702d0c5ff67c4ad5ce9f78036180efe08b212b7a6c5db843cd50de3850ca8,1948-11-02,false
3da06d0a-e221-480e-86eb-44c948e48c95,User 497,julian1998@example.com,3132e8f95ca2d61f5a3feb1c8bad73c0091a2fa993f8eb37162dc85bcae7fada,1977-04-25,false
4f2324eb-9d14-4735-8fc6-8df26dac715f,User 498,viktorinshashkov@example.org,301cbdb10888c1937b0f80cc62434fb7daf0c61ba69ab099911edfc4c91348d7,1995-04-06,false
27770ab9-ab48-4342-bd79-d012b883774c,User 499,jessicadominguez@example.com,9b71fd4a6187f2af245a69c8b8fe86777b3c17c8281ba70fc4e9f2f79168737a,1950-06-18,false
1264a51b-8784-474e-9bd9-4037479d8bdb,User 500,jorgethomas@example.org,7298cc966bf68f2c98438c57731799a19b885c3dd6b1c109b686aad40fd52c20,2006-02-23,true
